Time - Plot 0,Angle (Degrees)
 - Plot 0,
0,0
0.02,0
0.02,0
0.02,0
0.02,0
0.02,0
0.02,0
0.02,0
0.02,0
0.02,0
0.02,0
0.02,0
0.02,0
0.02,0
0.02,0
0.02,0
0.03,0
0.03,0
0.03,0
0.03,0
0.03,0
0.03,0
0.03,0
0.03,0
0.03,0
0.03,0
0.03,0
0.03,0
0.03,0
0.03,0
0.03,0
0.03,0
0.03,0
0.03,0
0.03,0
0.03,0
0.03,0
0.03,0
0.04,0
0.04,0
0.04,0
0.04,0
0.04,0
0.04,0
0.04,0
0.04,0
0.04,0
0.04,0
0.04,0
0.04,0
0.04,0
0.04,0
0.04,0
0.04,0
0.04,0
0.04,0
0.04,0
0.04,0
0.04,0
0.04,0
0.04,0
0.05,0
0.05,0
0.05,0
0.05,0
0.05,0
0.05,0
0.05,0
0.05,0
0.05,0
0.05,0
0.05,0
0.05,0
0.05,0
0.05,0
0.05,0
0.05,0
0.05,0
0.05,0
0.05,0
0.05,0
0.05,0
0.05,0
0.06,0
0.06,0
0.06,0
0.06,0
0.06,0
0.06,0
0.06,0
0.06,0
0.06,0
0.06,0
0.06,0
0.06,0
0.06,0
0.06,0
0.06,0
0.06,0
0.06,0
0.06,0
0.06,0
0.06,0
0.07,0
0.07,0
0.07,0
0.07,0
0.07,0
0.07,0
0.07,0
0.07,0
0.07,0
0.07,0
0.07,0
0.07,0
0.07,0
0.07,0
0.07,0
0.07,0
0.07,0
0.07,0
0.07,0
0.07,0
0.07,0
0.08,0
0.08,0
0.08,0
0.08,0
0.08,0
0.08,0
0.08,0
0.08,0
0.08,0
0.08,0
0.08,0
0.08,0
0.08,0
0.08,0
0.08,0
0.08,0
0.08,0
0.08,0
0.08,0
0.08,0
0.08,0
0.08,0
0.09,0
0.09,0
0.09,0
0.09,0
0.09,0
0.09,0
0.09,0
0.09,0
0.09,0
0.09,0
0.09,0
0.09,0
0.09,0
0.09,0
0.09,0
0.09,0
0.09,0
0.09,0
0.09,0
0.09,0
0.09,0
0.1,0
0.1,0
0.1,0
0.1,0
0.1,0
0.1,0
0.1,0
0.1,0
0.1,0
0.1,0
0.1,0
0.1,0
0.1,0
0.1,0
0.1,0
0.1,0
0.1,0
0.1,0
0.1,0
0.1,0
0.11,0
0.11,0
0.11,0
0.11,0
0.11,0
0.11,0
0.11,0
0.11,0
0.11,0
0.11,0
0.11,0
0.11,0
0.11,0
0.11,0
0.11,0
0.11,0
0.11,0
0.11,0
0.11,0
0.11,0
0.11,0
0.12,0
0.12,0
0.12,0
0.12,0
0.12,0
0.12,0
0.12,0
0.12,0
0.12,0
0.12,0
0.12,0
0.12,0
0.12,0
0.12,0
0.12,0
0.12,0
0.12,0
0.12,0
0.12,0
0.12,0
0.12,0
0.13,0
0.13,0
0.13,0
0.13,0
0.13,0
0.13,0
0.13,0
0.13,0
0.13,0
0.13,0
0.13,0
0.13,0
0.13,0
0.13,0
0.13,0
0.13,0
0.13,0
0.13,0
0.13,0
0.13,0
0.13,0
0.14,0
0.14,0
0.14,0
0.14,0
0.14,0
0.14,0
0.14,0
0.14,0
0.14,0
0.14,0
0.14,0
0.14,0
0.14,0
0.14,0
0.14,0
0.14,0
0.14,0
0.14,0
0.14,0
0.14,0
0.15,0
0.15,0
0.15,0
0.15,0
0.15,0
0.15,0
0.15,0
0.15,0
0.15,0
0.15,0
0.15,0
0.15,0
0.15,0
0.15,0
0.15,0
0.15,0
0.15,0
0.15,0
0.15,0
0.15,0
0.15,0
0.15,0
0.16,0
0.16,0
0.16,0
0.16,0
0.16,0
0.16,0
0.16,0
0.16,0
0.16,0
0.16,0
0.16,0
0.16,0
0.16,0
0.16,0
0.16,0
0.16,0
0.16,0
0.16,0
0.16,0
0.16,0
0.16,0
0.16,0
0.17,0
0.17,0
0.17,0
0.17,0
0.17,0
0.17,0
0.17,0
0.17,0
0.17,0
0.17,0
0.17,0
0.17,0
0.17,0
0.17,0
0.17,0
0.17,0
0.17,0
0.17,0
0.17,0
0.17,0
0.17,0
0.18,0
0.18,0
0.18,0
0.18,0
0.18,0
0.18,0
0.18,0
0.18,0
0.18,0
0.18,0
0.18,0
0.18,0
0.18,0
0.18,0
0.18,0
0.18,0
0.18,0
0.18,0
0.18,0
0.18,0
0.18,0
0.19,0
0.19,0
0.19,0
0.19,0
0.19,0
0.19,0
0.19,0
0.19,0
0.19,0
0.19,0
0.19,0
0.19,0
0.19,0
0.19,0
0.19,0
0.19,0
0.19,0
0.19,0
0.19,0
0.19,0
0.2,0
0.2,0
0.2,0
0.2,0
0.2,0
0.2,0
0.2,0
0.2,0
0.2,0
0.2,0
0.2,0
0.2,0
0.2,0
0.2,0
0.2,0
0.2,0
0.2,0
0.2,0
0.2,0
0.2,0
0.2,0
0.2,0
0.21,0
0.21,0
0.21,0
0.21,0
0.21,0
0.21,0
0.21,0
0.21,0
0.21,0
0.21,0
0.21,0
0.21,0
0.21,0
0.21,0
0.21,0
0.21,0
0.21,0
0.21,0
0.21,0
0.21,0
0.21,0
0.22,0
0.22,0
0.22,0
0.22,0
0.22,0
0.22,0
0.22,0
0.22,0
0.22,0
0.22,0
0.22,0
0.22,0
0.22,0
0.22,0
0.22,0
0.22,0
0.22,0
0.22,0
0.22,0
0.22,0
0.22,0
0.22,0
0.23,0
0.23,0
0.23,0
0.23,0
0.23,0
0.23,0
0.23,0
0.23,0
0.23,0
0.23,0
0.23,0
0.23,0
0.23,0
0.23,0
0.23,0
0.23,0
0.23,0
0.23,0
0.23,0
0.23,0
0.23,0
0.24,0
0.24,0
0.24,0
0.24,0
0.24,0
0.24,0
0.24,0
0.24,0
0.24,0
0.24,0
0.24,0
0.24,0
0.24,0
0.24,0
0.24,0
0.24,0
0.24,0
0.24,0
0.24,0
0.24,0
0.24,0
0.25,0
0.25,0
0.25,0
0.25,0
0.25,0
0.25,0
0.25,0
0.25,0
0.25,0
0.25,0
0.25,0
0.25,0
0.25,0
0.25,0
0.25,0
0.25,0
0.25,0
0.25,0
0.25,0
0.25,0
0.25,0
0.25,0
0.26,0
0.26,0
0.26,0
0.26,0
0.26,0
0.26,0
0.26,0
0.26,0
0.26,0
0.26,0
0.26,0
0.26,0
0.26,0
0.26,0
0.26,0
0.26,0
0.26,0
0.26,0
0.26,0
0.26,0
0.26,0
0.27,0
0.27,0
0.27,0
0.27,0
0.27,0
0.27,0
0.27,0
0.27,0
0.27,0
0.27,0
0.27,0
0.27,0
0.27,0
0.27,0
0.27,0
0.27,0
0.27,0
0.27,0
0.27,0
0.27,0
0.27,0
0.28,0
0.28,0
0.28,0
0.28,0
0.28,0
0.28,0
0.28,0
0.28,0
0.28,0
0.28,0
0.28,0
0.28,0
0.28,0
0.28,0
0.28,0
0.28,0
0.28,0
0.28,0
0.28,0
0.28,0
0.28,0
0.28,0
0.29,0
0.29,0
0.29,0
0.29,0
0.29,0
0.29,0
0.29,0
0.29,0
0.29,0
0.29,0
0.29,0
0.29,0
0.29,0
0.29,0
0.29,0
0.29,0
0.29,0
0.29,0
0.29,0
0.29,0
0.29,0
0.3,0
0.3,0
0.3,0
0.3,0
0.3,0
0.3,0
0.3,0
0.3,0
0.3,0
0.3,0
0.3,0
0.3,0
0.3,0
0.3,0
0.3,0
0.3,0
0.3,0
0.3,0
0.3,0
0.3,0
0.3,0
0.3,0
0.31,0
0.31,0
0.31,0
0.31,0
0.31,0
0.31,0
0.31,0
0.31,0
0.31,0
0.31,0
0.31,0
0.31,0
0.31,0
0.31,0
0.31,0
0.31,0
0.31,0
0.31,0
0.31,0
0.31,0
0.31,0
0.32,0
0.32,0
0.32,0
0.32,0
0.32,0
0.32,0
0.32,0
0.32,0
0.32,0
0.32,0
0.32,0
0.32,0
0.32,0
0.32,0
0.32,0
0.32,0
0.32,0
0.32,0
0.32,0
0.32,0
0.32,0
0.32,0
0.32,0
0.33,0
0.33,0
0.33,0
0.33,0
0.33,0
0.33,0
0.33,0
0.33,0
0.33,0
0.33,0
0.33,0
0.33,0
0.33,0
0.33,0
0.33,0
0.33,0
0.33,0
0.33,0
0.33,0
0.33,0
0.33,0
0.34,0
0.34,0
0.34,0
0.34,0
0.34,0
0.34,0
0.34,0
0.34,0
0.34,0
0.34,0
0.34,0
0.34,0
0.34,0
0.34,0
0.34,0
0.34,0
0.34,0
0.34,0
0.34,0
0.34,0
0.34,0
0.35,0
0.35,0
0.35,0
0.35,0
0.35,0
0.35,0
0.35,0
0.35,0
0.35,0
0.35,0
0.35,0
0.35,0
0.35,0
0.35,0
0.35,0
0.35,0
0.35,0
0.35,0
0.35,0
0.35,0
0.35,0
0.36,0
0.36,0
0.36,0
0.36,0
0.36,0
0.36,0
0.36,0
0.36,0
0.36,0
0.36,0
0.36,0
0.36,0
0.36,0
0.36,0
0.36,0
0.36,0
0.36,0
0.36,0
0.36,0
0.37,0
0.37,0
0.37,0
0.37,0
0.37,0
0.37,0
0.37,0
0.37,0
0.37,0
0.37,0
0.37,0
0.37,0
0.37,0
0.37,0
0.37,0
0.37,0
0.37,0
0.37,0
0.37,0
0.37,0
0.38,0
0.38,0
0.38,0
0.38,0
0.38,0
0.38,0
0.38,0
0.38,0
0.38,0
0.38,0
0.38,0
0.38,0
0.38,0
0.38,0
0.38,0
0.38,0
0.38,0
0.38,0
0.38,0
0.39,0
0.39,0
0.39,0
0.39,0
0.39,0
0.39,0
0.39,0
0.39,0
0.39,0
0.39,0
0.39,0
0.39,0
0.39,0
0.39,0
0.39,0
0.39,0
0.39,0
0.39,0
0.39,0
0.39,0
0.4,0
0.4,0
0.4,0
0.4,0
0.4,0
0.4,0
0.4,0
0.4,0
0.4,0
0.4,0
0.4,0
0.4,0
0.4,0
0.4,0
0.4,0
0.4,0
0.4,0
0.4,0
0.4,0
0.4,0
0.41,0
0.41,0
0.41,0
0.41,0
0.41,0
0.41,0
0.41,0
0.41,0
0.41,0
0.41,0
0.41,0
0.41,0
0.41,0
0.41,0
0.41,0
0.41,0
0.41,0
0.41,0
0.41,0
0.41,0
0.41,0
0.42,0
0.42,0
0.42,0
0.42,0
0.42,0
0.42,0
0.42,0
0.42,0
0.42,0
0.42,0
0.42,0
0.42,0
0.42,0
0.42,0
0.42,0
0.42,0
0.42,0
0.42,0
0.42,0
0.42,0
0.43,0
0.43,0
0.43,0
0.43,0
0.43,0
0.43,0
0.43,0
0.43,0
0.43,0
0.43,0
0.43,0
0.43,0
0.43,0
0.43,0
0.43,0
0.43,0
0.43,0
0.43,0
0.43,0
0.43,0
0.44,0
0.44,0
0.44,0
0.44,0
0.44,0
0.44,0
0.44,0
0.44,0
0.44,0
0.44,0
0.44,0
0.44,0
0.44,0
0.44,0
0.44,0
0.44,0
0.44,0.1
0.44,0.1
0.44,0.1
0.45,0.1
0.45,0.1
0.45,0.1
0.45,0.1
0.45,0.1
0.45,0.1
0.45,0.1
0.45,0.1
0.45,0.1
0.45,0.1
0.45,0.1
0.45,0.1
0.45,0.1
0.45,0.1
0.45,0.1
0.45,0.1
0.45,0.1
0.45,0.1
0.45,0.1
0.45,0.1
0.46,0.1
0.46,0.1
0.46,0.1
0.46,0.1
0.46,0.1
0.46,0.1
0.46,0.1
0.46,0.1
0.46,0.1
0.46,0.1
0.46,0.1
0.46,0.1
0.46,0.1
0.46,0.1
0.46,0.1
0.46,0.1
0.46,0.1
0.46,0.1
0.46,0.1
0.46,0.1
0.46,0.1
0.46,0.1
0.47,0.1
0.47,0.1
0.47,0.1
0.47,0.1
0.47,0.1
0.47,0.1
0.47,0.1
0.47,0.1
0.47,0.1
0.47,0.1
0.47,0.1
0.47,0.1
0.47,0.1
0.47,0.1
0.47,0.1
0.47,0.1
0.47,0.1
0.47,0.1
0.47,0.1
0.47,0.1
0.47,0.1
0.48,0.1
0.48,0.1
0.48,0.1
0.48,0.1
0.48,0.1
0.48,0.1
0.48,0.1
0.48,0.1
0.48,0.1
0.48,0.1
0.48,0.1
0.48,0.1
0.48,0.1
0.48,0.1
0.48,0.1
0.48,0.1
0.48,0.1
0.48,0.1
0.48,0.1
0.49,0.1
0.49,0.1
0.49,0.1
0.49,0.1
0.49,0.2
0.49,0.2
0.49,0.2
0.49,0.2
0.49,0.2
0.49,0.2
0.49,0.2
0.49,0.2
0.49,0.2
0.49,0.2
0.49,0.2
0.49,0.2
0.49,0.2
0.49,0.2
0.49,0.2
0.49,0.2
0.49,0.2
0.5,0.2
0.5,0.2
0.5,0.2
0.5,0.2
0.5,0.2
0.5,0.2
0.5,0.2
0.5,0.2
0.5,0.2
0.5,0.2
0.5,0.2
0.5,0.2
0.5,0.2
0.5,0.2
0.5,0.2
0.5,0.2
0.5,0.2
0.5,0.2
0.5,0.2
0.5,0.2
0.5,0.2
0.5,0.2
0.5,0.2
0.5,0.2
0.5,0.2
0.51,0.2
0.51,0.2
0.51,0.2
0.51,0.2
0.51,0.2
0.51,0.2
0.51,0.2
0.51,0.2
0.51,0.2
0.51,0.3
0.51,0.3
0.51,0.3
0.51,0.3
0.51,0.3
0.51,0.3
0.51,0.3
0.51,0.3
0.51,0.3
0.51,0.3
0.51,0.3
0.51,0.3
0.52,0.3
0.52,0.3
0.52,0.3
0.52,0.3
0.52,0.3
0.52,0.3
0.52,0.3
0.52,0.3
0.52,0.3
0.52,0.3
0.52,0.3
0.52,0.3
0.52,0.3
0.52,0.3
0.52,0.3
0.52,0.3
0.52,0.3
0.52,0.3
0.52,0.3
0.53,0.3
0.53,0.3
0.53,0.3
0.53,0.3
0.53,0.3
0.53,0.3
0.53,0.3
0.53,0.3
0.53,0.4
0.53,0.4
0.53,0.4
0.53,0.4
0.53,0.4
0.53,0.4
0.53,0.4
0.53,0.4
0.53,0.4
0.53,0.4
0.53,0.4
0.53,0.4
0.53,0.4
0.54,0.4
0.54,0.4
0.54,0.4
0.54,0.4
0.54,0.4
0.54,0.4
0.54,0.4
0.54,0.4
0.54,0.4
0.54,0.4
0.54,0.4
0.54,0.4
0.54,0.4
0.54,0.4
0.54,0.4
0.54,0.4
0.54,0.4
0.54,0.4
0.54,0.4
0.54,0.4
0.54,0.4
0.54,0.4
0.55,0.4
0.55,0.4
0.55,0.4
0.55,0.4
0.55,0.4
0.55,0.4
0.55,0.4
0.55,0.4
0.55,0.4
0.55,0.4
0.55,0.4
0.55,0.4
0.55,0.4
0.55,0.4
0.55,0.4
0.55,0.4
0.55,0.4
0.55,0.4
0.55,0.4
0.55,0.4
0.55,0.4
0.55,0.4
0.55,0.4
0.56,0.4
0.56,0.4
0.56,0.5
0.56,0.5
0.56,0.5
0.56,0.5
0.56,0.5
0.56,0.5
0.56,0.5
0.56,0.5
0.56,0.5
0.56,0.5
0.56,0.5
0.56,0.5
0.56,0.5
0.56,0.5
0.56,0.5
0.56,0.5
0.56,0.5
0.56,0.5
0.56,0.5
0.56,0.5
0.57,0.5
0.57,0.5
0.57,0.5
0.57,0.5
0.57,0.5
0.57,0.5
0.57,0.6
0.57,0.6
0.57,0.6
0.57,0.6
0.57,0.6
0.57,0.6
0.57,0.6
0.57,0.6
0.57,0.6
0.57,0.6
0.57,0.6
0.57,0.6
0.57,0.6
0.57,0.6
0.57,0.6
0.57,0.6
0.57,0.6
0.58,0.6
0.58,0.6
0.58,0.6
0.58,0.6
0.58,0.6
0.58,0.6
0.58,0.6
0.58,0.6
0.58,0.7
0.58,0.7
0.58,0.7
0.58,0.7
0.58,0.7
0.58,0.7
0.58,0.7
0.58,0.7
0.58,0.7
0.58,0.7
0.58,0.7
0.58,0.7
0.58,0.7
0.58,0.7
0.59,0.7
0.59,0.7
0.59,0.7
0.59,0.7
0.59,0.7
0.59,0.7
0.59,0.8
0.59,0.8
0.59,0.8
0.59,0.8
0.59,0.8
0.59,0.8
0.59,0.8
0.59,0.8
0.59,0.8
0.59,0.8
0.59,0.8
0.59,0.8
0.59,0.8
0.59,0.8
0.59,0.8
0.59,0.8
0.6,0.8
0.6,0.8
0.6,0.8
0.6,0.8
0.6,0.9
0.6,0.9
0.6,0.9
0.6,0.9
0.6,0.9
0.6,0.9
0.6,0.9
0.6,0.9
0.6,0.9
0.6,0.9
0.6,0.9
0.6,0.9
0.6,0.9
0.6,0.9
0.6,0.9
0.6,0.9
0.6,0.9
0.6,0.9
0.6,0.9
0.61,0.9
0.61,1
0.61,1
0.61,1
0.61,1
0.61,1
0.61,1
0.61,1
0.61,1
0.61,1
0.61,1
0.61,1
0.61,1
0.61,1
0.61,1
0.61,1
0.61,1
0.61,1
0.61,1
0.61,1
0.61,1.1
0.61,1.1
0.61,1.1
0.62,1.1
0.62,1.1
0.62,1.1
0.62,1.1
0.62,1.1
0.62,1.1
0.62,1.1
0.62,1.1
0.62,1.1
0.62,1.1
0.62,1.1
0.62,1.1
0.62,1.1
0.62,1.1
0.62,1.1
0.62,1.1
0.62,1.1
0.62,1.1
0.62,1.1
0.62,1.1
0.62,1.1
0.62,1.1
0.62,1.1
0.63,1.1
0.63,1.1
0.63,1.1
0.63,1.1
0.63,1.1
0.63,1.1
0.63,1.1
0.63,1.1
0.63,1.2
0.63,1.2
0.63,1.2
0.63,1.2
0.63,1.2
0.63,1.2
0.63,1.2
0.63,1.2
0.63,1.2
0.63,1.2
0.63,1.2
0.63,1.2
0.63,1.2
0.63,1.2
0.63,1.2
0.64,1.2
0.64,1.3
0.64,1.3
0.64,1.3
0.64,1.3
0.64,1.3
0.64,1.3
0.64,1.3
0.64,1.3
0.64,1.3
0.64,1.3
0.64,1.3
0.64,1.3
0.64,1.3
0.64,1.3
0.64,1.3
0.64,1.4
0.64,1.4
0.64,1.4
0.64,1.4
0.64,1.4
0.64,1.4
0.65,1.4
0.65,1.4
0.65,1.4
0.65,1.4
0.65,1.4
0.65,1.4
0.65,1.4
0.65,1.4
0.65,1.4
0.65,1.5
0.65,1.5
0.65,1.5
0.65,1.5
0.65,1.5
0.65,1.5
0.65,1.5
0.65,1.5
0.65,1.5
0.65,1.5
0.65,1.5
0.65,1.5
0.65,1.5
0.66,1.5
0.66,1.6
0.66,1.6
0.66,1.6
0.66,1.6
0.66,1.6
0.66,1.6
0.66,1.6
0.66,1.6
0.66,1.6
0.66,1.6
0.66,1.6
0.66,1.6
0.66,1.6
0.66,1.6
0.66,1.6
0.66,1.7
0.66,1.7
0.66,1.7
0.66,1.7
0.66,1.7
0.66,1.7
0.66,1.7
0.66,1.7
0.67,1.7
0.67,1.7
0.67,1.7
0.67,1.7
0.67,1.7
0.67,1.7
0.67,1.7
0.67,1.8
0.67,1.8
0.67,1.8
0.67,1.8
0.67,1.8
0.67,1.8
0.67,1.8
0.67,1.8
0.67,1.8
0.67,1.8
0.67,1.8
0.67,1.8
0.67,1.8
0.67,1.8
0.67,1.8
0.67,1.8
0.67,1.8
0.68,1.8
0.68,1.8
0.68,1.8
0.68,1.8
0.68,1.8
0.68,1.8
0.68,1.8
0.68,1.8
0.68,1.8
0.68,1.9
0.68,1.9
0.68,1.9
0.68,1.9
0.68,1.9
0.68,1.9
0.68,1.9
0.68,1.9
0.68,1.9
0.68,1.9
0.68,1.9
0.68,1.9
0.68,2
0.68,2
0.69,2
0.69,2
0.69,2
0.69,2
0.69,2
0.69,2
0.69,2
0.69,2
0.69,2
0.69,2
0.69,2
0.69,2.1
0.69,2.1
0.69,2.1
0.69,2.1
0.69,2.1
0.69,2.1
0.69,2.1
0.69,2.1
0.69,2.1
0.69,2.1
0.69,2.1
0.7,2.1
0.7,2.2
0.7,2.2
0.7,2.2
0.7,2.2
0.7,2.2
0.7,2.2
0.7,2.2
0.7,2.2
0.7,2.2
0.7,2.2
0.7,2.2
0.7,2.2
0.7,2.3
0.7,2.3
0.7,2.3
0.7,2.3
0.7,2.3
0.7,2.3
0.7,2.3
0.7,2.3
0.7,2.3
0.71,2.3
0.71,2.3
0.71,2.3
0.71,2.4
0.71,2.4
0.71,2.4
0.71,2.4
0.71,2.4
0.71,2.4
0.71,2.4
0.71,2.4
0.71,2.4
0.71,2.4
0.71,2.4
0.71,2.4
0.71,2.5
0.71,2.5
0.71,2.5
0.71,2.5
0.71,2.5
0.71,2.5
0.71,2.5
0.71,2.5
0.72,2.5
0.72,2.5
0.72,2.5
0.72,2.5
0.72,2.5
0.72,2.5
0.72,2.5
0.72,2.5
0.72,2.5
0.72,2.5
0.72,2.5
0.72,2.5
0.72,2.5
0.72,2.5
0.72,2.6
0.72,2.6
0.72,2.6
0.72,2.6
0.72,2.6
0.72,2.6
0.72,2.6
0.72,2.6
0.72,2.6
0.73,2.6
0.73,2.6
0.73,2.7
0.73,2.7
0.73,2.7
0.73,2.7
0.73,2.7
0.73,2.7
0.73,2.7
0.73,2.7
0.73,2.7
0.73,2.7
0.73,2.7
0.73,2.7
0.73,2.8
0.73,2.8
0.73,2.8
0.73,2.8
0.73,2.8
0.73,2.8
0.73,2.8
0.73,2.8
0.74,2.8
0.74,2.8
0.74,2.9
0.74,2.9
0.74,2.9
0.74,2.9
0.74,2.9
0.74,2.9
0.74,2.9
0.74,2.9
0.74,2.9
0.74,2.9
0.74,2.9
0.74,3
0.74,3
0.74,3
0.74,3
0.74,3
0.74,3
0.74,3
0.74,3
0.74,3
0.74,3
0.75,3.1
0.75,3.1
0.75,3.1
0.75,3.1
0.75,3.1
0.75,3.1
0.75,3.1
0.75,3.1
0.75,3.1
0.75,3.1
0.75,3.1
0.75,3.2
0.75,3.2
0.75,3.2
0.75,3.2
0.75,3.2
0.75,3.2
0.75,3.2
0.75,3.2
0.75,3.2
0.75,3.2
0.75,3.3
0.76,3.3
0.76,3.3
0.76,3.3
0.76,3.3
0.76,3.3
0.76,3.3
0.76,3.3
0.76,3.3
0.76,3.3
0.76,3.3
0.76,3.3
0.76,3.3
0.76,3.3
0.76,3.3
0.76,3.3
0.76,3.3
0.76,3.3
0.76,3.3
0.76,3.3
0.76,3.4
0.76,3.4
0.76,3.4
0.76,3.4
0.77,3.4
0.77,3.4
0.77,3.4
0.77,3.4
0.77,3.4
0.77,3.4
0.77,3.4
0.77,3.5
0.77,3.5
0.77,3.5
0.77,3.5
0.77,3.5
0.77,3.5
0.77,3.5
0.77,3.5
0.77,3.6
0.77,3.6
0.77,3.6
0.77,3.6
0.77,3.6
0.77,3.6
0.77,3.6
0.77,3.6
0.78,3.6
0.78,3.6
0.78,3.7
0.78,3.7
0.78,3.7
0.78,3.7
0.78,3.7
0.78,3.7
0.78,3.7
0.78,3.7
0.78,3.7
0.78,3.7
0.78,3.7
0.78,3.8
0.78,3.8
0.78,3.8
0.78,3.8
0.78,3.8
0.78,3.8
0.78,3.8
0.78,3.8
0.78,3.8
0.78,3.9
0.79,3.9
0.79,3.9
0.79,3.9
0.79,3.9
0.79,3.9
0.79,3.9
0.79,3.9
0.79,3.9
0.79,4
0.79,4
0.79,4
0.79,4
0.79,4
0.79,4
0.79,4
0.79,4
0.79,4
0.79,4
0.79,4
0.79,4
0.79,4
0.79,4
0.8,4
0.8,4
0.8,4
0.8,4
0.8,4.1
0.8,4.1
0.8,4.1
0.8,4.1
0.8,4.1
0.8,4.1
0.8,4.1
0.8,4.1
0.8,4.1
0.8,4.2
0.8,4.2
0.8,4.2
0.8,4.2
0.8,4.2
0.8,4.2
0.8,4.2
0.8,4.2
0.8,4.2
0.81,4.3
0.81,4.3
0.81,4.3
0.81,4.3
0.81,4.3
0.81,4.3
0.81,4.3
0.81,4.3
0.81,4.3
0.81,4.4
0.81,4.4
0.81,4.4
0.81,4.4
0.81,4.4
0.81,4.4
0.81,4.4
0.81,4.4
0.81,4.4
0.81,4.5
0.81,4.5
0.81,4.5
0.81,4.5
0.82,4.5
0.82,4.5
0.82,4.5
0.82,4.5
0.82,4.5
0.82,4.6
0.82,4.6
0.82,4.6
0.82,4.6
0.82,4.6
0.82,4.6
0.82,4.6
0.82,4.6
0.82,4.7
0.82,4.7
0.82,4.7
0.82,4.7
0.82,4.7
0.82,4.7
0.82,4.7
0.82,4.7
0.82,4.7
0.83,4.7
0.83,4.7
0.83,4.7
0.83,4.7
0.83,4.7
0.83,4.7
0.83,4.7
0.83,4.7
0.83,4.8
0.83,4.8
0.83,4.8
0.83,4.8
0.83,4.8
0.83,4.8
0.83,4.8
0.83,4.8
0.83,4.8
0.83,4.9
0.83,4.9
0.83,4.9
0.83,4.9
0.83,4.9
0.84,4.9
0.84,4.9
0.84,4.9
0.84,4.9
0.84,5
0.84,5
0.84,5
0.84,5
0.84,5
0.84,5
0.84,5
0.84,5
0.84,5
0.84,5.1
0.84,5.1
0.84,5.1
0.84,5.1
0.84,5.1
0.84,5.1
0.84,5.1
0.84,5.1
0.84,5.2
0.85,5.2
0.85,5.2
0.85,5.2
0.85,5.2
0.85,5.2
0.85,5.2
0.85,5.2
0.85,5.3
0.85,5.3
0.85,5.3
0.85,5.3
0.85,5.3
0.85,5.3
0.85,5.3
0.85,5.4
0.85,5.4
0.85,5.4
0.85,5.4
0.85,5.4
0.85,5.4
0.85,5.4
0.86,5.4
0.86,5.4
0.86,5.4
0.86,5.4
0.86,5.4
0.86,5.4
0.86,5.4
0.86,5.4
0.86,5.4
0.86,5.4
0.86,5.4
0.86,5.5
0.86,5.5
0.86,5.5
0.86,5.5
0.86,5.5
0.86,5.5
0.86,5.5
0.86,5.5
0.86,5.5
0.86,5.6
0.86,5.6
0.87,5.6
0.87,5.6
0.87,5.6
0.87,5.6
0.87,5.6
0.87,5.6
0.87,5.6
0.87,5.7
0.87,5.7
0.87,5.7
0.87,5.7
0.87,5.7
0.87,5.7
0.87,5.7
0.87,5.7
0.87,5.8
0.87,5.8
0.87,5.8
0.87,5.8
0.87,5.8
0.87,5.8
0.87,5.8
0.87,5.8
0.88,5.8
0.88,5.9
0.88,5.9
0.88,5.9
0.88,5.9
0.88,5.9
0.88,5.9
0.88,5.9
0.88,5.9
0.88,5.9
0.88,6
0.88,6
0.88,6
0.88,6
0.88,6
0.88,6
0.88,6
0.88,6
0.88,6.1
0.88,6.1
0.88,6.1
0.88,6.1
0.89,6.1
0.89,6.1
0.89,6.1
0.89,6.1
0.89,6.1
0.89,6.2
0.89,6.2
0.89,6.2
0.89,6.2
0.89,6.2
0.89,6.2
0.89,6.2
0.89,6.2
0.89,6.2
0.89,6.2
0.89,6.2
0.89,6.2
0.89,6.2
0.89,6.2
0.89,6.2
0.89,6.2
0.9,6.2
0.9,6.3
0.9,6.3
0.9,6.3
0.9,6.3
0.9,6.3
0.9,6.3
0.9,6.3
0.9,6.3
0.9,6.4
0.9,6.4
0.9,6.4
0.9,6.4
0.9,6.4
0.9,6.4
0.9,6.4
0.9,6.4
0.9,6.4
0.9,6.5
0.9,6.5
0.9,6.5
0.9,6.5
0.91,6.5
0.91,6.5
0.91,6.5
0.91,6.5
0.91,6.6
0.91,6.6
0.91,6.6
0.91,6.6
0.91,6.6
0.91,6.6
0.91,6.6
0.91,6.6
0.91,6.6
0.91,6.6
0.91,6.7
0.91,6.7
0.91,6.7
0.91,6.7
0.91,6.7
0.91,6.7
0.91,6.7
0.91,6.7
0.92,6.8
0.92,6.8
0.92,6.8
0.92,6.8
0.92,6.8
0.92,6.8
0.92,6.8
0.92,6.8
0.92,6.8
0.92,6.9
0.92,6.9
0.92,6.9
0.92,6.9
0.92,6.9
0.92,6.9
0.92,6.9
0.92,6.9
0.92,6.9
0.92,6.9
0.92,6.9
0.92,6.9
0.92,6.9
0.92,6.9
0.93,6.9
0.93,6.9
0.93,6.9
0.93,6.9
0.93,7
0.93,7
0.93,7
0.93,7
0.93,7
0.93,7
0.93,7
0.93,7
0.93,7
0.93,7.1
0.93,7.1
0.93,7.1
0.93,7.1
0.93,7.1
0.93,7.1
0.93,7.1
0.93,7.1
0.94,7.2
0.94,7.2
0.94,7.2
0.94,7.2
0.94,7.2
0.94,7.2
0.94,7.2
0.94,7.3
0.94,7.3
0.94,7.3
0.94,7.3
0.94,7.3
0.94,7.3
0.94,7.3
0.94,7.3
0.94,7.3
0.94,7.3
0.94,7.4
0.94,7.4
0.94,7.4
0.94,7.4
0.95,7.4
0.95,7.4
0.95,7.4
0.95,7.4
0.95,7.4
0.95,7.4
0.95,7.5
0.95,7.5
0.95,7.5
0.95,7.5
0.95,7.5
0.95,7.5
0.95,7.5
0.95,7.5
0.95,7.5
0.95,7.6
0.95,7.6
0.95,7.6
0.95,7.6
0.95,7.6
0.95,7.6
0.95,7.6
0.96,7.6
0.96,7.6
0.96,7.6
0.96,7.6
0.96,7.6
0.96,7.6
0.96,7.6
0.96,7.6
0.96,7.6
0.96,7.6
0.96,7.6
0.96,7.6
0.96,7.7
0.96,7.7
0.96,7.7
0.96,7.7
0.96,7.7
0.96,7.7
0.96,7.7
0.96,7.7
0.96,7.7
0.96,7.8
0.96,7.8
0.97,7.8
0.97,7.8
0.97,7.8
0.97,7.8
0.97,7.8
0.97,7.8
0.97,7.8
0.97,7.9
0.97,7.9
0.97,7.9
0.97,7.9
0.97,7.9
0.97,7.9
0.97,7.9
0.97,7.9
0.97,7.9
0.97,7.9
0.97,8
0.97,8
0.97,8
0.97,8
0.97,8
0.98,8
0.98,8
0.98,8
0.98,8
0.98,8
0.98,8.1
0.98,8.1
0.98,8.1
0.98,8.1
0.98,8.1
0.98,8.1
0.98,8.1
0.98,8.1
0.98,8.2
0.98,8.2
0.98,8.2
0.98,8.2
0.98,8.2
0.98,8.2
0.98,8.2
0.99,8.2
0.99,8.2
0.99,8.3
0.99,8.3
0.99,8.3
0.99,8.3
0.99,8.3
0.99,8.3
0.99,8.3
0.99,8.3
0.99,8.3
0.99,8.3
0.99,8.3
0.99,8.3
0.99,8.3
0.99,8.3
0.99,8.3
0.99,8.3
0.99,8.3
0.99,8.3
0.99,8.3
0.99,8.3
1,8.4
1,8.4
1,8.4
1,8.4
1,8.4
1,8.4
1,8.4
1,8.4
1,8.4
1,8.4
1,8.5
1,8.5
1,8.5
1,8.5
1,8.5
1,8.5
1,8.5
1,8.5
1,8.5
1,8.5
1,8.6
1.01,8.6
1.01,8.6
1.01,8.6
1.01,8.6
1.01,8.6
1.01,8.6
1.01,8.6
1.01,8.6
1.01,8.6
1.01,8.7
1.01,8.7
1.01,8.7
1.01,8.7
1.01,8.7
1.01,8.7
1.01,8.7
1.01,8.7
1.01,8.7
1.01,8.7
1.01,8.7
1.01,8.8
1.01,8.8
1.02,8.8
1.02,8.8
1.02,8.8
1.02,8.8
1.02,8.8
1.02,8.8
1.02,8.8
1.02,8.9
1.02,8.9
1.02,8.9
1.02,8.9
1.02,8.9
1.02,8.9
1.02,8.9
1.02,8.9
1.02,8.9
1.02,8.9
1.02,8.9
1.02,9
1.02,9
1.03,9
1.03,9
1.03,9
1.03,9
1.03,9
1.03,9
1.03,9
1.03,9
1.03,9
1.03,9.1
1.03,9.1
1.03,9.1
1.03,9.1
1.03,9.1
1.03,9.1
1.03,9.1
1.03,9.1
1.03,9.1
1.03,9.1
1.03,9.1
1.04,9.1
1.04,9.1
1.04,9.1
1.04,9.1
1.04,9.1
1.04,9.1
1.04,9.1
1.04,9.1
1.04,9.1
1.04,9.1
1.04,9.1
1.04,9.2
1.04,9.2
1.04,9.2
1.04,9.2
1.04,9.2
1.04,9.2
1.04,9.2
1.04,9.2
1.04,9.2
1.04,9.2
1.04,9.2
1.05,9.2
1.05,9.3
1.05,9.3
1.05,9.3
1.05,9.3
1.05,9.3
1.05,9.3
1.05,9.3
1.05,9.3
1.05,9.3
1.05,9.3
1.05,9.3
1.05,9.3
1.05,9.3
1.05,9.4
1.05,9.4
1.05,9.4
1.05,9.4
1.05,9.4
1.05,9.4
1.05,9.4
1.06,9.4
1.06,9.4
1.06,9.4
1.06,9.4
1.06,9.4
1.06,9.4
1.06,9.5
1.06,9.5
1.06,9.5
1.06,9.5
1.06,9.5
1.06,9.5
1.06,9.5
1.06,9.5
1.06,9.5
1.06,9.5
1.06,9.5
1.06,9.5
1.06,9.5
1.06,9.6
1.06,9.6
1.06,9.6
1.07,9.6
1.07,9.6
1.07,9.6
1.07,9.6
1.07,9.6
1.07,9.6
1.07,9.6
1.07,9.6
1.07,9.6
1.07,9.6
1.07,9.7
1.07,9.7
1.07,9.7
1.07,9.7
1.07,9.7
1.07,9.7
1.07,9.7
1.07,9.7
1.07,9.7
1.07,9.7
1.07,9.7
1.07,9.7
1.07,9.7
1.08,9.7
1.08,9.8
1.08,9.8
1.08,9.8
1.08,9.8
1.08,9.8
1.08,9.8
1.08,9.8
1.08,9.8
1.08,9.8
1.08,9.8
1.08,9.8
1.08,9.8
1.08,9.8
1.08,9.8
1.08,9.8
1.08,9.8
1.08,9.8
1.08,9.8
1.08,9.8
1.08,9.8
1.09,9.8
1.09,9.8
1.09,9.8
1.09,9.8
1.09,9.8
1.09,9.8
1.09,9.8
1.09,9.8
1.09,9.8
1.09,9.8
1.09,9.9
1.09,9.9
1.09,9.9
1.09,9.9
1.09,9.9
1.09,9.9
1.09,9.9
1.09,9.9
1.09,9.9
1.09,9.9
1.09,9.9
1.09,9.9
1.1,9.9
1.1,9.9
1.1,9.9
1.1,9.9
1.1,9.9
1.1,10
1.1,10
1.1,10
1.1,10
1.1,10
1.1,10
1.1,10
1.1,10
1.1,10
1.1,10
1.1,10
1.1,10
1.1,10
1.1,10
1.1,10
1.1,10
1.11,10
1.11,10.1
1.11,10.1
1.11,10.1
1.11,10.1
1.11,10.1
1.11,10.1
1.11,10.1
1.11,10.1
1.11,10.1
1.11,10.1
1.11,10.1
1.11,10.1
1.11,10.1
1.11,10.1
1.11,10.1
1.11,10.1
1.11,10.1
1.11,10.1
1.11,10.1
1.11,10.1
1.12,10.2
1.12,10.2
1.12,10.2
1.12,10.2
1.12,10.2
1.12,10.2
1.12,10.2
1.12,10.2
1.12,10.2
1.12,10.2
1.12,10.2
1.12,10.2
1.12,10.2
1.12,10.2
1.12,10.2
1.12,10.2
1.12,10.2
1.12,10.2
1.12,10.2
1.12,10.2
1.12,10.3
1.13,10.3
1.13,10.3
1.13,10.3
1.13,10.3
1.13,10.3
1.13,10.3
1.13,10.3
1.13,10.3
1.13,10.3
1.13,10.3
1.13,10.3
1.13,10.3
1.13,10.3
1.13,10.3
1.13,10.3
1.13,10.3
1.13,10.3
1.13,10.3
1.13,10.3
1.14,10.3
1.14,10.3
1.14,10.3
1.14,10.3
1.14,10.4
1.14,10.4
1.14,10.4
1.14,10.4
1.14,10.4
1.14,10.4
1.14,10.4
1.14,10.4
1.14,10.4
1.14,10.4
1.14,10.4
1.14,10.4
1.14,10.4
1.14,10.4
1.15,10.4
1.15,10.4
1.15,10.4
1.15,10.4
1.15,10.4
1.15,10.4
1.15,10.4
1.15,10.4
1.15,10.4
1.15,10.4
1.15,10.4
1.15,10.5
1.15,10.5
1.15,10.5
1.15,10.5
1.15,10.5
1.15,10.5
1.15,10.5
1.15,10.5
1.15,10.5
1.15,10.5
1.15,10.5
1.16,10.5
1.16,10.5
1.16,10.5
1.16,10.5
1.16,10.5
1.16,10.5
1.16,10.5
1.16,10.5
1.16,10.5
1.16,10.5
1.16,10.5
1.16,10.5
1.16,10.5
1.16,10.5
1.16,10.5
1.16,10.5
1.16,10.5
1.16,10.5
1.16,10.5
1.16,10.5
1.16,10.5
1.16,10.5
1.17,10.5
1.17,10.5
1.17,10.5
1.17,10.5
1.17,10.5
1.17,10.5
1.17,10.5
1.17,10.5
1.17,10.5
1.17,10.5
1.17,10.5
1.17,10.5
1.17,10.5
1.17,10.5
1.17,10.5
1.17,10.5
1.17,10.5
1.17,10.5
1.17,10.5
1.17,10.5
1.17,10.5
1.18,10.5
1.18,10.5
1.18,10.5
1.18,10.5
1.18,10.5
1.18,10.5
1.18,10.5
1.18,10.5
1.18,10.5
1.18,10.5
1.18,10.5
1.18,10.5
1.18,10.5
1.18,10.5
1.18,10.5
1.18,10.5
1.18,10.5
1.18,10.5
1.18,10.5
1.18,10.5
1.19,10.5
1.19,10.5
1.19,10.5
1.19,10.5
1.19,10.5
1.19,10.5
1.19,10.5
1.19,10.5
1.19,10.5
1.19,10.5
1.19,10.5
1.19,10.5
1.19,10.5
1.19,10.5
1.19,10.5
1.19,10.5
1.19,10.5
1.19,10.5
1.19,10.5
1.19,10.5
1.2,10.5
1.2,10.5
1.2,10.5
1.2,10.5
1.2,10.5
1.2,10.5
1.2,10.5
1.2,10.5
1.2,10.5
1.2,10.5
1.2,10.5
1.2,10.5
1.2,10.5
1.2,10.5
1.2,10.5
1.2,10.5
1.2,10.5
1.2,10.5
1.2,10.5
1.21,10.5
1.21,10.5
1.21,10.5
1.21,10.5
1.21,10.5
1.21,10.5
1.21,10.5
1.21,10.5
1.21,10.6
1.21,10.6
1.21,10.6
1.21,10.6
1.21,10.6
1.21,10.6
1.21,10.6
1.21,10.6
1.21,10.6
1.21,10.6
1.21,10.6
1.21,10.6
1.22,10.6
1.22,10.6
1.22,10.6
1.22,10.6
1.22,10.6
1.22,10.6
1.22,10.6
1.22,10.6
1.22,10.6
1.22,10.6
1.22,10.6
1.22,10.6
1.22,10.6
1.22,10.6
1.22,10.6
1.22,10.5
1.22,10.5
1.22,10.5
1.22,10.5
1.23,10.5
1.23,10.5
1.23,10.5
1.23,10.5
1.23,10.5
1.23,10.5
1.23,10.5
1.23,10.5
1.23,10.5
1.23,10.5
1.23,10.5
1.23,10.5
1.23,10.5
1.23,10.5
1.23,10.5
1.23,10.5
1.23,10.5
1.23,10.5
1.24,10.5
1.24,10.5
1.24,10.5
1.24,10.5
1.24,10.5
1.24,10.5
1.24,10.5
1.24,10.5
1.24,10.5
1.24,10.5
1.24,10.5
1.24,10.5
1.24,10.5
1.24,10.5
1.24,10.5
1.24,10.5
1.24,10.5
1.24,10.5
1.24,10.5
1.24,10.5
1.24,10.5
1.25,10.5
1.25,10.5
1.25,10.5
1.25,10.5
1.25,10.5
1.25,10.5
1.25,10.5
1.25,10.5
1.25,10.5
1.25,10.5
1.25,10.5
1.25,10.5
1.25,10.5
1.25,10.5
1.25,10.5
1.25,10.5
1.25,10.5
1.25,10.5
1.25,10.5
1.26,10.5
1.26,10.5
1.26,10.5
1.26,10.5
1.26,10.5
1.26,10.5
1.26,10.5
1.26,10.5
1.26,10.5
1.26,10.5
1.26,10.5
1.26,10.5
1.26,10.5
1.26,10.5
1.26,10.5
1.26,10.5
1.26,10.5
1.26,10.5
1.26,10.5
1.26,10.5
1.27,10.5
1.27,10.5
1.27,10.5
1.27,10.5
1.27,10.5
1.27,10.5
1.27,10.5
1.27,10.5
1.27,10.5
1.27,10.5
1.27,10.5
1.27,10.5
1.27,10.5
1.27,10.5
1.27,10.5
1.27,10.5
1.27,10.5
1.27,10.5
1.27,10.5
1.28,10.5
1.28,10.5
1.28,10.5
1.28,10.4
1.28,10.4
1.28,10.4
1.28,10.4
1.28,10.4
1.28,10.4
1.28,10.4
1.28,10.4
1.28,10.4
1.28,10.4
1.28,10.4
1.28,10.4
1.28,10.4
1.28,10.4
1.28,10.4
1.28,10.4
1.29,10.4
1.29,10.4
1.29,10.4
1.29,10.4
1.29,10.4
1.29,10.4
1.29,10.4
1.29,10.4
1.29,10.4
1.29,10.4
1.29,10.4
1.29,10.4
1.29,10.4
1.29,10.4
1.29,10.4
1.29,10.3
1.29,10.3
1.29,10.3
1.29,10.3
1.29,10.3
1.3,10.3
1.3,10.3
1.3,10.3
1.3,10.3
1.3,10.3
1.3,10.3
1.3,10.3
1.3,10.3
1.3,10.3
1.3,10.3
1.3,10.3
1.3,10.3
1.3,10.3
1.3,10.3
1.3,10.3
1.3,10.3
1.3,10.3
1.3,10.3
1.31,10.3
1.31,10.3
1.31,10.3
1.31,10.3
1.31,10.3
1.31,10.3
1.31,10.2
1.31,10.2
1.31,10.2
1.31,10.2
1.31,10.2
1.31,10.2
1.31,10.2
1.31,10.2
1.31,10.2
1.31,10.2
1.31,10.2
1.31,10.2
1.31,10.2
1.31,10.2
1.31,10.2
1.32,10.2
1.32,10.2
1.32,10.2
1.32,10.2
1.32,10.2
1.32,10.2
1.32,10.2
1.32,10.2
1.32,10.2
1.32,10.2
1.32,10.2
1.32,10.1
1.32,10.1
1.32,10.1
1.32,10.1
1.32,10.1
1.32,10.1
1.32,10.1
1.32,10.1
1.32,10.1
1.32,10.1
1.33,10.1
1.33,10.1
1.33,10.1
1.33,10.1
1.33,10.1
1.33,10.1
1.33,10.1
1.33,10.1
1.33,10.1
1.33,10.1
1.33,10.1
1.33,10.1
1.33,10.1
1.33,10.1
1.33,10
1.33,10
1.33,10
1.33,10
1.33,10
1.34,10
1.34,10
1.34,10
1.34,10
1.34,10
1.34,10
1.34,10
1.34,10
1.34,10
1.34,10
1.34,10
1.34,10
1.34,10
1.34,10
1.34,10
1.34,10
1.34,10
1.34,10
1.34,9.9
1.35,9.9
1.35,9.9
1.35,9.9
1.35,9.9
1.35,9.9
1.35,9.9
1.35,9.9
1.35,9.9
1.35,9.9
1.35,9.9
1.35,9.9
1.35,9.9
1.35,9.9
1.35,9.9
1.35,9.9
1.35,9.9
1.35,9.9
1.35,9.9
1.35,9.9
1.36,9.9
1.36,9.8
1.36,9.8
1.36,9.8
1.36,9.8
1.36,9.8
1.36,9.8
1.36,9.8
1.36,9.8
1.36,9.8
1.36,9.8
1.36,9.8
1.36,9.8
1.36,9.8
1.36,9.8
1.36,9.8
1.36,9.8
1.36,9.8
1.36,9.8
1.36,9.8
1.37,9.8
1.37,9.8
1.37,9.8
1.37,9.8
1.37,9.8
1.37,9.8
1.37,9.8
1.37,9.8
1.37,9.8
1.37,9.8
1.37,9.8
1.37,9.8
1.37,9.8
1.37,9.8
1.37,9.8
1.37,9.8
1.37,9.8
1.37,9.8
1.37,9.8
1.37,9.8
1.37,9.8
1.37,9.8
1.38,9.8
1.38,9.8
1.38,9.7
1.38,9.7
1.38,9.7
1.38,9.7
1.38,9.7
1.38,9.7
1.38,9.7
1.38,9.7
1.38,9.7
1.38,9.7
1.38,9.7
1.38,9.7
1.38,9.7
1.38,9.7
1.38,9.7
1.38,9.7
1.38,9.7
1.39,9.7
1.39,9.7
1.39,9.7
1.39,9.6
1.39,9.6
1.39,9.6
1.39,9.6
1.39,9.6
1.39,9.6
1.39,9.6
1.39,9.6
1.39,9.6
1.39,9.6
1.39,9.6
1.39,9.6
1.39,9.6
1.39,9.6
1.39,9.6
1.39,9.6
1.4,9.6
1.4,9.6
1.4,9.5
1.4,9.5
1.4,9.5
1.4,9.5
1.4,9.5
1.4,9.5
1.4,9.5
1.4,9.5
1.4,9.5
1.4,9.5
1.4,9.5
1.4,9.5
1.4,9.5
1.4,9.5
1.4,9.5
1.4,9.5
1.4,9.4
1.41,9.4
1.41,9.4
1.41,9.4
1.41,9.4
1.41,9.4
1.41,9.4
1.41,9.4
1.41,9.4
1.41,9.4
1.41,9.4
1.41,9.4
1.41,9.4
1.41,9.4
1.41,9.4
1.41,9.4
1.41,9.4
1.41,9.4
1.41,9.3
1.41,9.3
1.42,9.3
1.42,9.3
1.42,9.3
1.42,9.3
1.42,9.3
1.42,9.3
1.42,9.3
1.42,9.3
1.42,9.3
1.42,9.3
1.42,9.3
1.42,9.3
1.42,9.3
1.42,9.3
1.42,9.3
1.42,9.3
1.42,9.2
1.42,9.2
1.42,9.2
1.42,9.2
1.43,9.2
1.43,9.2
1.43,9.2
1.43,9.2
1.43,9.2
1.43,9.2
1.43,9.2
1.43,9.2
1.43,9.2
1.43,9.2
1.43,9.2
1.43,9.2
1.43,9.2
1.43,9.2
1.43,9.1
1.43,9.1
1.43,9.1
1.43,9.1
1.43,9.1
1.43,9.1
1.44,9.1
1.44,9.1
1.44,9.1
1.44,9.1
1.44,9.1
1.44,9.1
1.44,9.1
1.44,9.1
1.44,9.1
1.44,9.1
1.44,9.1
1.44,9.1
1.44,9.1
1.44,9.1
1.44,9.1
1.44,9.1
1.44,9.1
1.44,9.1
1.45,9.1
1.45,9.1
1.45,9.1
1.45,9.1
1.45,9.1
1.45,9.1
1.45,9.1
1.45,9.1
1.45,9.1
1.45,9
1.45,9
1.45,9
1.45,9
1.45,9
1.45,9
1.45,9
1.45,9
1.45,9
1.45,9
1.46,9
1.46,9
1.46,9
1.46,9
1.46,9
1.46,9
1.46,8.9
1.46,8.9
1.46,8.9
1.46,8.9
1.46,8.9
1.46,8.9
1.46,8.9
1.46,8.9
1.46,8.9
1.46,8.9
1.46,8.9
1.46,8.9
1.46,8.9
1.46,8.9
1.46,8.9
1.46,8.9
1.46,8.9
1.46,8.9
1.47,8.8
1.47,8.8
1.47,8.8
1.47,8.8
1.47,8.8
1.47,8.8
1.47,8.8
1.47,8.8
1.47,8.8
1.47,8.8
1.47,8.8
1.47,8.8
1.47,8.8
1.47,8.8
1.47,8.8
1.47,8.8
1.47,8.8
1.47,8.8
1.47,8.7
1.48,8.7
1.48,8.7
1.48,8.7
1.48,8.7
1.48,8.7
1.48,8.7
1.48,8.7
1.48,8.7
1.48,8.7
1.48,8.7
1.48,8.7
1.48,8.7
1.48,8.7
1.48,8.6
1.48,8.6
1.48,8.6
1.48,8.6
1.48,8.6
1.48,8.6
1.48,8.6
1.48,8.6
1.49,8.6
1.49,8.6
1.49,8.6
1.49,8.6
1.49,8.6
1.49,8.6
1.49,8.6
1.49,8.6
1.49,8.6
1.49,8.6
1.49,8.5
1.49,8.5
1.49,8.5
1.49,8.5
1.49,8.5
1.49,8.5
1.49,8.5
1.49,8.5
1.49,8.5
1.49,8.5
1.5,8.5
1.5,8.5
1.5,8.5
1.5,8.5
1.5,8.5
1.5,8.5
1.5,8.5
1.5,8.4
1.5,8.4
1.5,8.4
1.5,8.4
1.5,8.4
1.5,8.4
1.5,8.4
1.5,8.4
1.5,8.4
1.5,8.4
1.5,8.4
1.5,8.4
1.5,8.4
1.5,8.4
1.51,8.4
1.51,8.4
1.51,8.4
1.51,8.3
1.51,8.3
1.51,8.3
1.51,8.3
1.51,8.3
1.51,8.3
1.51,8.3
1.51,8.3
1.51,8.3
1.51,8.3
1.51,8.3
1.51,8.3
1.51,8.3
1.51,8.3
1.51,8.3
1.51,8.3
1.51,8.3
1.51,8.3
1.52,8.3
1.52,8.3
1.52,8.3
1.52,8.3
1.52,8.3
1.52,8.3
1.52,8.3
1.52,8.3
1.52,8.3
1.52,8.3
1.52,8.3
1.52,8.3
1.52,8.3
1.52,8.3
1.52,8.3
1.52,8.3
1.52,8.3
1.52,8.2
1.52,8.2
1.52,8.2
1.52,8.2
1.53,8.2
1.53,8.2
1.53,8.2
1.53,8.2
1.53,8.2
1.53,8.2
1.53,8.2
1.53,8.2
1.53,8.2
1.53,8.2
1.53,8.2
1.53,8.2
1.53,8.2
1.53,8.2
1.53,8.2
1.53,8.1
1.53,8.1
1.53,8.1
1.53,8.1
1.53,8.1
1.53,8.1
1.53,8.1
1.53,8.1
1.54,8.1
1.54,8.1
1.54,8.1
1.54,8.1
1.54,8.1
1.54,8.1
1.54,8.1
1.54,8.1
1.54,8.1
1.54,8
1.54,8
1.54,8
1.54,8
1.54,8
1.54,8
1.54,8
1.54,8
1.54,8
1.54,8
1.54,8
1.55,8
1.55,8
1.55,8
1.55,8
1.55,8
1.55,8
1.55,7.9
1.55,7.9
1.55,7.9
1.55,7.9
1.55,7.9
1.55,7.9
1.55,7.9
1.55,7.9
1.55,7.9
1.55,7.9
1.55,7.9
1.55,7.9
1.55,7.9
1.56,7.9
1.56,7.9
1.56,7.9
1.56,7.9
1.56,7.9
1.56,7.9
1.56,7.8
1.56,7.8
1.56,7.8
1.56,7.8
1.56,7.8
1.56,7.8
1.56,7.8
1.56,7.8
1.56,7.8
1.56,7.8
1.56,7.8
1.56,7.8
1.56,7.8
1.56,7.8
1.56,7.8
1.56,7.8
1.56,7.8
1.57,7.8
1.57,7.8
1.57,7.7
1.57,7.7
1.57,7.7
1.57,7.7
1.57,7.7
1.57,7.7
1.57,7.7
1.57,7.7
1.57,7.7
1.57,7.7
1.57,7.7
1.57,7.7
1.57,7.7
1.57,7.7
1.57,7.7
1.57,7.7
1.57,7.7
1.57,7.7
1.57,7.7
1.57,7.6
1.58,7.6
1.58,7.6
1.58,7.6
1.58,7.6
1.58,7.6
1.58,7.6
1.58,7.6
1.58,7.6
1.58,7.6
1.58,7.6
1.58,7.6
1.58,7.6
1.58,7.6
1.58,7.6
1.58,7.6
1.58,7.6
1.58,7.6
1.58,7.6
1.58,7.6
1.58,7.6
1.59,7.6
1.59,7.6
1.59,7.6
1.59,7.6
1.59,7.6
1.59,7.6
1.59,7.6
1.59,7.6
1.59,7.6
1.59,7.6
1.59,7.6
1.59,7.6
1.59,7.6
1.59,7.6
1.59,7.6
1.59,7.5
1.59,7.5
1.59,7.5
1.59,7.5
1.6,7.5
1.6,7.5
1.6,7.5
1.6,7.5
1.6,7.5
1.6,7.5
1.6,7.5
1.6,7.5
1.6,7.5
1.6,7.5
1.6,7.5
1.6,7.5
1.6,7.5
1.6,7.4
1.6,7.4
1.6,7.4
1.6,7.4
1.6,7.4
1.6,7.4
1.61,7.4
1.61,7.4
1.61,7.4
1.61,7.4
1.61,7.4
1.61,7.4
1.61,7.4
1.61,7.4
1.61,7.4
1.61,7.4
1.61,7.4
1.61,7.4
1.61,7.3
1.61,7.3
1.61,7.3
1.61,7.3
1.61,7.3
1.61,7.3
1.61,7.3
1.61,7.3
1.62,7.3
1.62,7.3
1.62,7.3
1.62,7.3
1.62,7.3
1.62,7.3
1.62,7.3
1.62,7.3
1.62,7.3
1.62,7.3
1.62,7.3
1.62,7.3
1.62,7.3
1.62,7.2
1.62,7.2
1.62,7.2
1.62,7.2
1.62,7.2
1.62,7.2
1.62,7.2
1.62,7.2
1.62,7.2
1.63,7.2
1.63,7.2
1.63,7.2
1.63,7.2
1.63,7.2
1.63,7.2
1.63,7.2
1.63,7.2
1.63,7.2
1.63,7.2
1.63,7.2
1.63,7.2
1.63,7.2
1.63,7.2
1.63,7.1
1.63,7.1
1.63,7.1
1.63,7.1
1.63,7.1
1.63,7.1
1.63,7.1
1.63,7.1
1.64,7.1
1.64,7.1
1.64,7.1
1.64,7.1
1.64,7.1
1.64,7.1
1.64,7.1
1.64,7.1
1.64,7.1
1.64,7.1
1.64,7.1
1.64,7.1
1.64,7.1
1.64,7.1
1.64,7
1.64,7
1.64,7
1.64,7
1.65,7
1.65,7
1.65,7
1.65,7
1.65,7
1.65,7
1.65,7
1.65,7
1.65,7
1.65,7
1.65,7
1.65,7
1.65,7
1.65,7
1.65,7
1.65,6.9
1.65,6.9
1.65,6.9
1.65,6.9
1.65,6.9
1.66,6.9
1.66,6.9
1.66,6.9
1.66,6.9
1.66,6.9
1.66,6.9
1.66,6.9
1.66,6.9
1.66,6.9
1.66,6.9
1.66,6.9
1.66,6.9
1.66,6.9
1.66,6.9
1.66,6.9
1.66,6.9
1.66,6.9
1.66,6.9
1.66,6.9
1.66,6.9
1.66,6.9
1.67,6.9
1.67,6.9
1.67,6.9
1.67,6.9
1.67,6.9
1.67,6.9
1.67,6.9
1.67,6.9
1.67,6.9
1.67,6.9
1.67,6.9
1.67,6.9
1.67,6.9
1.67,6.9
1.67,6.9
1.67,6.9
1.67,6.9
1.67,6.9
1.67,6.9
1.67,6.9
1.67,6.9
1.68,6.9
1.68,6.9
1.68,6.9
1.68,6.9
1.68,6.8
1.68,6.8
1.68,6.8
1.68,6.8
1.68,6.8
1.68,6.8
1.68,6.8
1.68,6.8
1.68,6.8
1.68,6.8
1.68,6.8
1.68,6.8
1.68,6.8
1.68,6.8
1.68,6.8
1.69,6.8
1.69,6.8
1.69,6.8
1.69,6.8
1.69,6.8
1.69,6.8
1.69,6.8
1.69,6.8
1.69,6.8
1.69,6.7
1.69,6.7
1.69,6.7
1.69,6.7
1.69,6.7
1.69,6.7
1.69,6.7
1.69,6.7
1.69,6.7
1.7,6.7
1.7,6.7
1.7,6.7
1.7,6.7
1.7,6.7
1.7,6.7
1.7,6.7
1.7,6.7
1.7,6.7
1.7,6.7
1.7,6.7
1.7,6.7
1.7,6.7
1.7,6.7
1.7,6.7
1.7,6.7
1.7,6.7
1.7,6.6
1.7,6.6
1.7,6.6
1.71,6.6
1.71,6.6
1.71,6.6
1.71,6.6
1.71,6.6
1.71,6.6
1.71,6.6
1.71,6.6
1.71,6.6
1.71,6.6
1.71,6.6
1.71,6.6
1.71,6.6
1.71,6.6
1.71,6.6
1.71,6.6
1.71,6.6
1.71,6.6
1.71,6.6
1.71,6.6
1.72,6.6
1.72,6.6
1.72,6.6
1.72,6.6
1.72,6.6
1.72,6.6
1.72,6.6
1.72,6.6
1.72,6.6
1.72,6.5
1.72,6.5
1.72,6.5
1.72,6.5
1.72,6.5
1.72,6.5
1.72,6.5
1.72,6.5
1.72,6.5
1.72,6.5
1.73,6.5
1.73,6.5
1.73,6.5
1.73,6.5
1.73,6.5
1.73,6.5
1.73,6.5
1.73,6.5
1.73,6.5
1.73,6.5
1.73,6.5
1.73,6.5
1.73,6.5
1.73,6.5
1.73,6.5
1.73,6.5
1.73,6.5
1.73,6.5
1.73,6.5
1.74,6.5
1.74,6.5
1.74,6.5
1.74,6.5
1.74,6.5
1.74,6.5
1.74,6.5
1.74,6.4
1.74,6.4
1.74,6.4
1.74,6.4
1.74,6.4
1.74,6.4
1.74,6.4
1.74,6.4
1.74,6.4
1.74,6.4
1.74,6.4
1.74,6.4
1.75,6.4
1.75,6.4
1.75,6.4
1.75,6.4
1.75,6.4
1.75,6.4
1.75,6.4
1.75,6.4
1.75,6.4
1.75,6.4
1.75,6.4
1.75,6.4
1.75,6.4
1.75,6.4
1.75,6.4
1.75,6.4
1.75,6.4
1.75,6.4
1.75,6.4
1.75,6.4
1.75,6.4
1.76,6.4
1.76,6.4
1.76,6.4
1.76,6.4
1.76,6.4
1.76,6.4
1.76,6.4
1.76,6.4
1.76,6.4
1.76,6.3
1.76,6.3
1.76,6.3
1.76,6.3
1.76,6.3
1.76,6.3
1.76,6.3
1.76,6.3
1.77,6.3
1.77,6.3
1.77,6.3
1.77,6.3
1.77,6.3
1.77,6.3
1.77,6.3
1.77,6.3
1.77,6.3
1.77,6.3
1.77,6.3
1.77,6.3
1.77,6.3
1.77,6.3
1.77,6.3
1.77,6.3
1.77,6.3
1.78,6.3
1.78,6.3
1.78,6.3
1.78,6.3
1.78,6.3
1.78,6.3
1.78,6.3
1.78,6.3
1.78,6.3
1.78,6.3
1.78,6.3
1.78,6.3
1.78,6.3
1.78,6.3
1.78,6.3
1.78,6.3
1.78,6.3
1.78,6.3
1.78,6.3
1.78,6.3
1.78,6.3
1.79,6.3
1.79,6.3
1.79,6.3
1.79,6.3
1.79,6.3
1.79,6.3
1.79,6.3
1.79,6.3
1.79,6.3
1.79,6.3
1.79,6.3
1.79,6.3
1.79,6.2
1.79,6.2
1.79,6.2
1.79,6.2
1.79,6.2
1.79,6.2
1.8,6.2
1.8,6.2
1.8,6.2
1.8,6.2
1.8,6.2
1.8,6.2
1.8,6.2
1.8,6.2
1.8,6.2
1.8,6.2
1.8,6.2
1.8,6.2
1.8,6.2
1.8,6.2
1.8,6.2
1.8,6.2
1.8,6.2
1.8,6.2
1.8,6.2
1.8,6.2
1.81,6.2
1.81,6.2
1.81,6.2
1.81,6.2
1.81,6.2
1.81,6.2
1.81,6.2
1.81,6.2
1.81,6.2
1.81,6.2
1.81,6.2
1.81,6.2
1.81,6.2
1.81,6.2
1.81,6.2
1.81,6.2
1.81,6.2
1.81,6.2
1.81,6.2
1.81,6.2
1.82,6.2
1.82,6.2
1.82,6.2
1.82,6.2
1.82,6.2
1.82,6.2
1.82,6.2
1.82,6.2
1.82,6.2
1.82,6.2
1.82,6.2
1.82,6.2
1.82,6.2
1.82,6.2
1.82,6.2
1.82,6.2
1.82,6.2
1.82,6.2
1.82,6.2
1.83,6.2
1.83,6.2
1.83,6.2
1.83,6.2
1.83,6.2
1.83,6.2
1.83,6.2
1.83,6.2
1.83,6.2
1.83,6.2
1.83,6.2
1.83,6.2
1.83,6.2
1.83,6.2
1.83,6.2
1.83,6.2
1.83,6.2
1.83,6.2
1.84,6.2
1.84,6.2
1.84,6.2
1.84,6.2
1.84,6.2
1.84,6.2
1.84,6.2
1.84,6.2
1.84,6.2
1.84,6.2
1.84,6.2
1.84,6.2
1.84,6.2
1.84,6.2
1.84,6.2
1.84,6.2
1.84,6.2
1.84,6.2
1.85,6.2
1.85,6.2
1.85,6.2
1.85,6.2
1.85,6.2
1.85,6.2
1.85,6.2
1.85,6.2
1.85,6.2
1.85,6.2
1.85,6.2
1.85,6.2
1.85,6.2
1.85,6.2
1.85,6.2
1.85,6.2
1.85,6.2
1.85,6.2
1.85,6.2
1.85,6.2
1.86,6.2
1.86,6.2
1.86,6.2
1.86,6.2
1.86,6.2
1.86,6.2
1.86,6.2
1.86,6.2
1.86,6.2
1.86,6.2
1.86,6.2
1.86,6.2
1.86,6.2
1.86,6.2
1.86,6.2
1.86,6.2
1.86,6.2
1.86,6.2
1.86,6.2
1.87,6.2
1.87,6.2
1.87,6.2
1.87,6.2
1.87,6.2
1.87,6.2
1.87,6.2
1.87,6.2
1.87,6.2
1.87,6.2
1.87,6.2
1.87,6.2
1.87,6.2
1.87,6.2
1.87,6.2
1.87,6.2
1.87,6.2
1.87,6.2
1.88,6.2
1.88,6.2
1.88,6.2
1.88,6.2
1.88,6.2
1.88,6.2
1.88,6.2
1.88,6.2
1.88,6.2
1.88,6.2
1.88,6.2
1.88,6.2
1.88,6.3
1.88,6.3
1.88,6.3
1.88,6.3
1.88,6.3
1.88,6.3
1.89,6.3
1.89,6.3
1.89,6.3
1.89,6.3
1.89,6.3
1.89,6.3
1.89,6.3
1.89,6.3
1.89,6.3
1.89,6.3
1.89,6.3
1.89,6.3
1.89,6.3
1.89,6.3
1.89,6.3
1.89,6.3
1.89,6.3
1.89,6.3
1.89,6.3
1.89,6.3
1.9,6.3
1.9,6.3
1.9,6.3
1.9,6.3
1.9,6.3
1.9,6.3
1.9,6.3
1.9,6.3
1.9,6.3
1.9,6.3
1.9,6.3
1.9,6.3
1.9,6.3
1.9,6.3
1.9,6.3
1.9,6.3
1.9,6.3
1.9,6.3
1.9,6.3
1.91,6.3
1.91,6.3
1.91,6.3
1.91,6.3
1.91,6.3
1.91,6.3
1.91,6.3
1.91,6.3
1.91,6.3
1.91,6.3
1.91,6.3
1.91,6.3
1.91,6.3
1.91,6.3
1.91,6.3
1.91,6.3
1.91,6.3
1.91,6.3
1.91,6.3
1.91,6.3
1.91,6.3
1.92,6.3
1.92,6.3
1.92,6.3
1.92,6.3
1.92,6.3
1.92,6.3
1.92,6.3
1.92,6.3
1.92,6.3
1.92,6.3
1.92,6.3
1.92,6.3
1.92,6.4
1.92,6.4
1.92,6.4
1.92,6.4
1.92,6.4
1.92,6.4
1.92,6.4
1.93,6.4
1.93,6.4
1.93,6.4
1.93,6.4
1.93,6.4
1.93,6.4
1.93,6.4
1.93,6.4
1.93,6.4
1.93,6.4
1.93,6.4
1.93,6.4
1.93,6.4
1.93,6.4
1.93,6.4
1.93,6.4
1.93,6.4
1.93,6.4
1.93,6.4
1.94,6.4
1.94,6.4
1.94,6.4
1.94,6.4
1.94,6.4
1.94,6.4
1.94,6.4
1.94,6.4
1.94,6.4
1.94,6.4
1.94,6.4
1.94,6.4
1.94,6.4
1.94,6.4
1.94,6.4
1.94,6.4
1.94,6.4
1.94,6.4
1.95,6.4
1.95,6.4
1.95,6.4
1.95,6.4
1.95,6.4
1.95,6.4
1.95,6.4
1.95,6.4
1.95,6.4
1.95,6.4
1.95,6.4
1.95,6.4
1.95,6.4
1.95,6.4
1.95,6.4
1.95,6.4
1.95,6.4
1.95,6.4
1.96,6.4
1.96,6.5
1.96,6.5
1.96,6.5
1.96,6.5
1.96,6.5
1.96,6.5
1.96,6.5
1.96,6.5
1.96,6.5
1.96,6.5
1.96,6.5
1.96,6.5
1.96,6.5
1.96,6.5
1.96,6.5
1.96,6.5
1.96,6.5
1.96,6.5
1.97,6.5
1.97,6.5
1.97,6.5
1.97,6.5
1.97,6.5
1.97,6.5
1.97,6.5
1.97,6.5
1.97,6.5
1.97,6.5
1.97,6.5
1.97,6.5
1.97,6.5
1.97,6.5
1.97,6.5
1.97,6.5
1.97,6.5
1.97,6.5
1.98,6.5
1.98,6.5
1.98,6.5
1.98,6.5
1.98,6.5
1.98,6.5
1.98,6.5
1.98,6.5
1.98,6.5
1.98,6.5
1.98,6.5
1.98,6.5
1.98,6.5
1.98,6.5
1.98,6.5
1.98,6.5
1.98,6.5
1.98,6.5
1.99,6.5
1.99,6.5
1.99,6.5
1.99,6.6
1.99,6.6
1.99,6.6
1.99,6.6
1.99,6.6
1.99,6.6
1.99,6.6
1.99,6.6
1.99,6.6
1.99,6.6
1.99,6.6
1.99,6.6
1.99,6.6
1.99,6.6
1.99,6.6
1.99,6.6
1.99,6.6
2,6.6
2,6.6
2,6.6
2,6.6
2,6.6
2,6.6
2,6.6
2,6.6
2,6.6
2,6.6
2,6.6
2,6.6
2,6.6
2,6.6
2,6.6
2,6.6
2,6.6
2.01,6.6
2.01,6.6
2.01,6.6
2.01,6.6
2.01,6.6
2.01,6.6
2.01,6.6
2.01,6.6
2.01,6.6
2.01,6.6
2.01,6.6
2.01,6.6
2.01,6.6
2.01,6.6
2.01,6.6
2.01,6.6
2.01,6.6
2.01,6.6
2.01,6.6
2.01,6.6
2.01,6.6
2.02,6.6
2.02,6.6
2.02,6.6
2.02,6.6
2.02,6.6
2.02,6.6
2.02,6.6
2.02,6.6
2.02,6.7
2.02,6.7
2.02,6.7
2.02,6.7
2.02,6.7
2.02,6.7
2.02,6.7
2.02,6.7
2.02,6.7
2.03,6.7
2.03,6.7
2.03,6.7
2.03,6.7
2.03,6.7
2.03,6.7
2.03,6.7
2.03,6.7
2.03,6.7
2.03,6.7
2.03,6.7
2.03,6.7
2.03,6.7
2.03,6.7
2.03,6.7
2.03,6.7
2.03,6.7
2.03,6.7
2.04,6.7
2.04,6.7
2.04,6.7
2.04,6.7
2.04,6.7
2.04,6.7
2.04,6.7
2.04,6.7
2.04,6.7
2.04,6.7
2.04,6.7
2.04,6.7
2.04,6.7
2.04,6.7
2.04,6.7
2.04,6.7
2.04,6.7
2.04,6.7
2.04,6.7
2.04,6.7
2.05,6.7
2.05,6.7
2.05,6.7
2.05,6.7
2.05,6.7
2.05,6.7
2.05,6.7
2.05,6.7
2.05,6.7
2.05,6.7
2.05,6.7
2.05,6.7
2.05,6.7
2.05,6.7
2.05,6.7
2.05,6.8
2.05,6.8
2.05,6.8
2.05,6.8
2.05,6.8
2.06,6.8
2.06,6.8
2.06,6.8
2.06,6.8
2.06,6.8
2.06,6.8
2.06,6.8
2.06,6.8
2.06,6.8
2.06,6.8
2.06,6.8
2.06,6.8
2.06,6.8
2.06,6.8
2.06,6.8
2.06,6.8
2.06,6.8
2.06,6.8
2.06,6.8
2.06,6.8
2.06,6.8
2.06,6.8
2.07,6.8
2.07,6.8
2.07,6.8
2.07,6.8
2.07,6.8
2.07,6.8
2.07,6.8
2.07,6.8
2.07,6.8
2.07,6.8
2.07,6.8
2.07,6.8
2.07,6.8
2.07,6.8
2.07,6.8
2.07,6.8
2.07,6.8
2.07,6.8
2.07,6.8
2.07,6.8
2.07,6.8
2.08,6.8
2.08,6.8
2.08,6.8
2.08,6.8
2.08,6.8
2.08,6.8
2.08,6.8
2.08,6.8
2.08,6.8
2.08,6.8
2.08,6.8
2.08,6.8
2.08,6.8
2.08,6.8
2.08,6.8
2.08,6.8
2.08,6.8
2.08,6.8
2.08,6.8
2.08,6.8
2.09,6.8
2.09,6.8
2.09,6.8
2.09,6.8
2.09,6.8
2.09,6.8
2.09,6.8
2.09,6.8
2.09,6.8
2.09,6.8
2.09,6.8
2.09,6.9
2.09,6.9
2.09,6.9
2.09,6.9
2.09,6.9
2.09,6.9
2.09,6.9
2.09,6.9
2.09,6.9
2.09,6.9
2.09,6.9
2.09,6.9
2.1,6.9
2.1,6.9
2.1,6.9
2.1,6.9
2.1,6.9
2.1,6.9
2.1,6.9
2.1,6.9
2.1,6.9
2.1,6.9
2.1,6.9
2.1,6.9
2.1,6.9
2.1,6.9
2.1,6.9
2.1,6.9
2.1,6.9
2.1,6.9
2.1,6.9
2.1,6.9
2.1,6.9
2.11,6.9
2.11,6.9
2.11,6.9
2.11,6.9
2.11,6.9
2.11,6.9
2.11,6.9
2.11,6.9
2.11,6.9
2.11,6.9
2.11,6.9
2.11,6.9
2.11,6.9
2.11,6.9
2.11,6.9
2.11,6.9
2.11,6.9
2.11,6.9
2.11,6.9
2.11,6.9
2.11,6.9
2.12,6.9
2.12,6.9
2.12,6.9
2.12,6.9
2.12,6.9
2.12,6.9
2.12,6.9
2.12,6.9
2.12,6.9
2.12,6.9
2.12,6.9
2.12,6.9
2.12,6.9
2.12,6.9
2.12,6.9
2.12,6.9
2.12,6.9
2.12,6.9
2.12,6.9
2.12,6.9
2.12,6.9
2.13,6.9
2.13,6.9
2.13,6.9
2.13,6.9
2.13,6.9
2.13,6.9
2.13,6.9
2.13,6.9
2.13,6.9
2.13,6.9
2.13,6.9
2.13,6.9
2.13,6.9
2.13,6.9
2.13,6.9
2.13,6.9
2.13,6.9
2.13,6.9
2.13,6.9
2.13,6.9
2.13,6.9
2.14,6.9
2.14,6.9
2.14,6.9
2.14,6.9
2.14,6.9
2.14,6.9
2.14,6.9
2.14,6.9
2.14,6.9
2.14,6.9
2.14,6.9
2.14,6.9
2.14,6.9
2.14,6.9
2.14,6.9
2.14,6.9
2.14,6.9
2.14,6.9
2.14,6.9
2.14,6.9
2.14,6.9
2.15,6.9
2.15,6.9
2.15,6.9
2.15,6.9
2.15,6.9
2.15,6.9
2.15,6.9
2.15,6.9
2.15,6.9
2.15,6.9
2.15,6.9
2.15,6.9
2.15,6.9
2.15,6.9
2.15,6.9
2.15,6.9
2.15,6.9
2.15,6.9
2.16,6.9
2.16,6.9
2.16,6.9
2.16,6.9
2.16,6.9
2.16,6.9
2.16,6.9
2.16,6.9
2.16,6.9
2.16,6.9
2.16,6.9
2.16,6.9
2.16,6.9
2.16,6.9
2.16,6.9
2.16,6.9
2.16,6.9
2.16,6.9
2.17,6.9
2.17,6.9
2.17,6.9
2.17,6.9
2.17,6.9
2.17,6.9
2.17,6.9
2.17,6.9
2.17,6.9
2.17,6.9
2.17,6.9
2.17,6.9
2.17,6.9
2.17,6.9
2.17,6.9
2.17,6.9
2.17,6.9
2.17,6.9
2.18,6.9
2.18,6.9
2.18,6.9
2.18,6.9
2.18,6.9
2.18,6.9
2.18,6.9
2.18,6.9
2.18,6.9
2.18,6.9
2.18,6.9
2.18,6.9
2.18,6.9
2.18,6.9
2.18,6.9
2.18,6.9
2.18,6.9
2.18,6.9
2.18,6.9
2.18,6.9
2.19,6.9
2.19,6.9
2.19,6.9
2.19,6.9
2.19,6.9
2.19,6.9
2.19,6.9
2.19,6.9
2.19,6.9
2.19,6.9
2.19,6.9
2.19,6.9
2.19,6.9
2.19,6.9
2.19,6.9
2.19,6.9
2.19,6.9
2.19,6.9
2.19,6.9
2.2,6.9
2.2,6.9
2.2,6.9
2.2,6.9
2.2,6.9
2.2,6.9
2.2,6.9
2.2,6.9
2.2,6.9
2.2,6.9
2.2,6.9
2.2,6.9
2.2,6.9
2.2,6.9
2.2,6.9
2.2,7
2.2,7
2.21,7
2.21,7
2.21,7
2.21,7
2.21,7
2.21,7
2.21,7
2.21,7
2.21,7
2.21,7
2.21,7
2.21,7
2.21,7
2.21,7
2.21,7
2.21,7
2.21,7
2.21,7
2.21,7
2.22,7
2.22,7
2.22,7
2.22,7
2.22,7
2.22,7
2.22,7
2.22,7
2.22,7
2.22,7
2.22,7
2.22,7
2.22,7
2.22,7
2.22,7
2.22,7
2.22,7
2.22,7
2.22,7
2.23,7
2.23,7
2.23,7
2.23,7
2.23,7
2.23,7
2.23,7
2.23,7
2.23,7
2.23,7
2.23,7
2.23,7
2.23,7
2.23,7
2.23,7
2.23,7
2.23,7
2.23,7
2.24,7
2.24,7
2.24,7
2.24,7
2.24,7
2.24,7
2.24,7
2.24,7
2.24,7
2.24,7
2.24,7
2.24,7
2.24,7
2.24,7
2.24,7
2.24,7
2.24,7
2.24,7
2.25,7
2.25,7
2.25,7
2.25,7
2.25,7
2.25,7
2.25,7
2.25,7
2.25,7
2.25,7
2.25,7
2.25,7
2.25,7
2.25,7
2.25,7
2.25,7
2.25,7
2.25,7
2.26,7
2.26,7
2.26,7
2.26,7
2.26,7
2.26,7
2.26,7
2.26,7
2.26,7
2.26,7
2.26,7
2.26,7
2.26,7
2.26,7
2.26,7
2.26,7
2.26,7
2.26,7
2.27,7
2.27,7
2.27,7
2.27,7
2.27,7
2.27,7
2.27,7
2.27,7
2.27,7
2.27,7
2.27,7
2.27,7
2.27,7
2.27,7
2.27,7
2.27,7
2.27,7
2.27,7
2.28,7
2.28,7
2.28,7
2.28,7
2.28,7
2.28,7
2.28,7
2.28,7
2.28,7
2.28,7
2.28,7
2.28,7
2.28,7
2.28,7
2.28,7
2.28,7
2.28,7
2.28,7
2.29,7
2.29,7
2.29,7
2.29,7
2.29,7
2.29,7
2.29,7
2.29,7
2.29,7
2.29,7
2.29,7
2.29,7
2.29,7
2.29,7
2.29,7
2.29,7
2.29,7
2.29,7
2.3,7
2.3,7
2.3,7
2.3,7
2.3,7
2.3,7
2.3,7
2.3,7
2.3,7
2.3,7
2.3,7
2.3,7
2.3,7
2.3,7
2.3,7
2.3,7
2.3,7
2.3,7
2.31,7
2.31,7
2.31,7
2.31,7
2.31,7
2.31,7
2.31,7
2.31,7
2.31,7
2.31,7
2.31,7
2.31,7
2.31,7
2.31,7
2.31,7
2.31,7
2.31,7
2.31,7
2.31,7
2.31,7
2.32,7
2.32,7
2.32,7
2.32,7
2.32,7
2.32,7
2.32,7
2.32,7
2.32,7
2.32,7
2.32,7
2.32,7
2.32,7
2.32,7
2.32,7
2.32,7
2.32,7
2.32,7
2.33,7
2.33,7
2.33,7
2.33,7
2.33,7
2.33,7
2.33,7
2.33,7
2.33,7
2.33,7
2.33,7
2.33,7
2.33,7
2.33,7
2.33,7
2.33,7
2.33,7
2.33,7
2.34,7
2.34,7
2.34,7
2.34,7
2.34,7
2.34,7
2.34,7
2.34,7
2.34,7
2.34,7
2.34,7
2.34,7
2.34,7
2.34,7
2.34,7
2.34,7
2.34,7
2.34,7
2.35,7
2.35,7
2.35,7
2.35,7
2.35,7
2.35,7
2.35,7
2.35,7
2.35,7
2.35,7
2.35,7
2.35,7
2.35,7
2.35,7
2.35,7
2.35,7
2.35,7
2.35,7
2.36,7
2.36,7
2.36,7
2.36,7
2.36,7
2.36,7
2.36,7
2.36,7
2.36,7
2.36,7
2.36,7
2.36,7
2.36,7
2.36,7
2.36,7
2.36,7
2.36,7
2.37,7
2.37,7
2.37,7
2.37,7
2.37,7
2.37,7
2.37,7
2.37,7
2.37,7
2.37,7
2.37,7
2.37,7
2.37,7
2.37,7
2.37,7
2.37,7
2.37,7
2.37,7
2.38,7
2.38,7
2.38,7
2.38,7
2.38,7
2.38,7
2.38,7
2.38,7
2.38,7
2.38,7
2.38,7
2.38,7
2.38,7
2.38,7
2.38,7
2.38,7
2.38,7
2.38,7
2.38,7
2.39,7
2.39,7
2.39,7
2.39,7
2.39,7
2.39,7
2.39,7
2.39,7
2.39,7
2.39,7
2.39,7
2.39,7
2.39,7
2.39,7
2.39,7
2.39,7
2.39,7
2.4,7
2.4,7
2.4,7
2.4,7
2.4,7
2.4,7
2.4,7
2.4,7
2.4,7
2.4,7
2.4,7
2.4,7
2.4,7
2.4,7
2.4,7
2.4,7
2.4,7
2.4,7
2.41,7
2.41,7
2.41,7
2.41,7
2.41,7
2.41,7
2.41,7
2.41,7
2.41,7
2.41,7
2.41,7
2.41,7
2.41,7
2.41,7
2.41,7
2.41,7
2.41,7
2.41,7
2.41,7
2.41,7
2.42,7
2.42,7
2.42,7
2.42,7
2.42,7
2.42,7
2.42,7
2.42,7
2.42,7
2.42,7
2.42,7
2.42,7
2.42,7
2.42,7
2.42,7
2.42,7
2.42,7
2.42,7
2.42,7
2.42,7
2.43,7
2.43,7
2.43,7
2.43,7
2.43,7
2.43,7
2.43,7
2.43,7
2.43,7
2.43,7
2.43,7
2.43,7
2.43,7
2.43,7
2.43,7
2.43,7
2.43,7
2.43,7
2.44,7
2.44,7
2.44,7
2.44,7
2.44,7
2.44,7
2.44,7
2.44,7
2.44,7
2.44,7
2.44,7
2.44,7
2.44,7
2.44,7
2.44,7
2.44,7
2.44,7
2.45,7
2.45,7
2.45,7
2.45,7
2.45,7
2.45,7
2.45,7
2.45,7
2.45,7
2.45,7
2.45,7
2.45,7
2.45,7
2.45,7
2.45,7
2.45,7
2.45,7
2.45,7
2.46,7
2.46,7
2.46,7
2.46,7
2.46,7
2.46,7
2.46,7
2.46,7
2.46,7
2.46,7
2.46,7
2.46,7
2.46,7
2.46,7
2.46,7
2.46,7
2.46,7
2.46,7
2.47,7
2.47,7
2.47,7
2.47,7
2.47,7
2.47,7
2.47,7
2.47,7
2.47,7
2.47,7
2.47,7
2.47,7
2.47,7
2.47,7
2.47,7
2.47,7
2.47,7
2.48,7
2.48,7
2.48,7
2.48,7
2.48,7
2.48,7
2.48,7
2.48,7
2.48,7
2.48,7
2.48,7
2.48,7
2.48,7
2.48,7
2.48,7
2.48,7
2.48,7
2.48,7
2.49,7
2.49,7
2.49,7
2.49,7
2.49,7
2.49,7
2.49,7
2.49,7
2.49,7
2.49,7
2.49,7
2.49,7
2.49,7
2.49,7
2.49,7
2.49,7
2.49,7
2.49,7
2.5,7
2.5,7
2.5,7
2.5,7
2.5,7
2.5,7
2.5,7
2.5,7
2.5,7
2.5,7
2.5,7
2.5,7
2.5,7
2.5,7
2.5,7
2.5,7
2.5,7
2.5,7
2.51,7
2.51,7
2.51,7
2.51,7
2.51,7
2.51,7
2.51,7
2.51,7
2.51,7
2.51,7
2.51,7
2.51,7
2.51,7
2.51,7
2.51,7
2.51,7
2.51,7
2.51,7
2.51,7
2.52,7
2.52,7
2.52,7
2.52,7
2.52,7
2.52,7
2.52,7
2.52,7
2.52,7
2.52,7
2.52,7
2.52,7
2.52,7
2.52,7
2.52,7
2.52,7
2.52,7
2.52,7
2.52,7
2.53,7
2.53,7
2.53,7
2.53,7
2.53,7
2.53,7
2.53,7
2.53,7
2.53,7
2.53,7
2.53,7
2.53,7
2.53,7
2.53,7
2.53,7
2.53,7
2.53,7
2.53,7
2.53,7
2.54,7
2.54,7
2.54,7
2.54,7
2.54,7
2.54,7
2.54,7
2.54,7
2.54,7
2.54,7
2.54,7
2.54,7
2.54,7
2.54,7
2.54,7
2.54,7
2.54,7
2.55,7
2.55,7
2.55,7
2.55,7
2.55,7
2.55,7
2.55,7
2.55,7
2.55,7
2.55,7
2.55,7
2.55,7
2.55,7
2.55,7
2.55,7
2.55,7
2.55,7
2.55,7
2.56,7
2.56,7
2.56,7
2.56,7
2.56,7
2.56,7
2.56,7
2.56,7
2.56,7
2.56,7
2.56,7
2.56,7
2.56,7
2.56,7
2.56,7
2.56,7
2.56,7
2.57,7
2.57,7
2.57,7
2.57,7
2.57,7
2.57,7
2.57,7
2.57,7
2.57,7
2.57,7
2.57,7
2.57,7
2.57,7
2.57,7
2.57,7
2.57,7
2.57,7
2.57,7
2.57,7
2.58,7
2.58,7
2.58,7
2.58,7
2.58,7
2.58,7
2.58,7
2.58,7
2.58,7
2.58,7
2.58,7
2.58,7
2.58,7
2.58,7
2.58,7
2.58,7
2.58,7
2.58,7
2.59,7
2.59,7
2.59,7
2.59,7
2.59,7
2.59,7
2.59,7
2.59,7
2.59,7
2.59,7
2.59,7
2.59,7
2.59,7
2.59,7
2.59,7
2.59,7
2.59,7
2.59,7
2.6,7
2.6,7
2.6,7
2.6,7
2.6,7
2.6,7
2.6,7
2.6,7
2.6,7
2.6,7
2.6,7
2.6,7
2.6,7
2.6,7
2.6,7
2.6,7
2.6,7
2.6,7
2.61,7
2.61,7
2.61,7
2.61,7
2.61,7
2.61,7
2.61,7
2.61,7
2.61,7
2.61,7
2.61,7
2.61,7
2.61,7
2.61,7
2.61,7
2.61,7
2.61,7
2.61,7
2.61,7
2.61,7
2.62,7
2.62,7
2.62,7
2.62,7
2.62,7
2.62,7
2.62,7
2.62,7
2.62,7
2.62,7
2.62,7
2.62,7
2.62,7
2.62,7
2.62,7
2.62,7
2.62,7
2.62,7
2.63,7
2.63,7
2.63,7
2.63,7
2.63,7
2.63,7
2.63,7
2.63,7
2.63,7
2.63,7
2.63,7
2.63,7
2.63,7
2.63,7
2.63,7
2.63,7
2.63,7
2.63,7
2.64,7
2.64,7
2.64,7
2.64,7
2.64,7
2.64,7
2.64,7
2.64,7
2.64,7
2.64,7
2.64,7
2.64,7
2.64,7
2.64,7
2.64,7
2.64,7
2.64,7
2.65,7
2.65,7
2.65,7
2.65,7
2.65,7
2.65,7
2.65,7
2.65,7
2.65,7
2.65,7
2.65,7
2.65,7
2.65,7
2.65,7
2.65,7
2.65,7
2.65,7
2.65,7
2.66,7
2.66,7
2.66,7
2.66,7
2.66,7
2.66,7
2.66,7
2.66,7
2.66,7
2.66,7
2.66,7
2.66,7
2.66,7
2.66,7
2.66,7
2.66,7
2.66,7
2.67,7
2.67,7
2.67,7
2.67,7
2.67,7
2.67,7
2.67,7
2.67,7
2.67,7
2.67,7
2.67,7
2.67,7
2.67,7
2.67,7
2.67,7
2.67,7
2.67,7
2.68,7
2.68,7
2.68,7
2.68,7
2.68,7
2.68,7
2.68,7
2.68,7
2.68,7
2.68,7
2.68,7
2.68,7
2.68,7
2.68,7
2.68,7
2.68,7
2.68,7
2.68,7
2.68,7
2.69,7
2.69,7
2.69,7
2.69,7
2.69,7
2.69,7
2.69,7
2.69,7
2.69,7
2.69,7
2.69,7
2.69,7
2.69,7
2.69,7
2.69,7
2.69,7
2.69,7
2.69,7
2.7,7
2.7,7
2.7,7
2.7,7
2.7,7
2.7,7
2.7,7
2.7,7
2.7,7
2.7,7
2.7,7
2.7,7
2.7,7
2.7,7
2.7,7
2.7,7
2.7,7
2.71,7
2.71,7
2.71,7
2.71,7
2.71,7
2.71,7
2.71,7
2.71,7
2.71,7
2.71,7
2.71,7
2.71,7
2.71,7
2.71,7
2.71,7
2.71,7
2.71,7
2.71,7
2.71,7
2.72,7
2.72,7
2.72,7
2.72,7
2.72,7
2.72,7
2.72,7
2.72,7
2.72,7
2.72,7
2.72,7
2.72,7
2.72,7
2.72,7
2.72,7
2.72,7
2.72,7
2.72,7
2.73,7
2.73,7
2.73,7
2.73,7
2.73,7
2.73,7
2.73,7
2.73,7
2.73,7
2.73,7
2.73,7
2.73,7
2.73,7
2.73,7
2.73,7
2.73,7
2.73,7
2.73,7
2.73,7
2.74,7
2.74,7
2.74,7
2.74,7
2.74,7
2.74,7
2.74,7
2.74,7
2.74,7
2.74,7
2.74,7
2.74,7
2.74,7
2.74,7
2.74,7
2.74,7
2.74,7
2.75,7
2.75,7
2.75,7
2.75,7
2.75,7
2.75,7
2.75,7
2.75,7
2.75,7
2.75,7
2.75,7
2.75,7
2.75,7
2.75,7
2.75,7
2.75,7
2.75,7
2.75,7
2.76,7
2.76,7
2.76,7
2.76,7
2.76,7
2.76,7
2.76,7
2.76,7
2.76,7
2.76,7
2.76,7
2.76,7
2.76,7
2.76,7
2.76,7
2.76,7
2.76,7
2.77,7
2.77,7
2.77,7
2.77,7
2.77,7
2.77,7
2.77,7
2.77,7
2.77,7
2.77,7
2.77,7
2.77,7
2.77,7
2.77,7
2.77,7
2.77,7
2.77,7
2.77,7
2.77,7
2.78,7
2.78,7
2.78,7
2.78,7
2.78,7
2.78,7
2.78,7
2.78,7
2.78,7
2.78,7
2.78,7
2.78,7
2.78,7
2.78,7
2.78,7
2.78,7
2.79,7
2.79,7
2.79,7
2.79,7
2.79,7
2.79,7
2.79,7
2.79,7
2.79,7
2.79,7
2.79,7
2.79,7
2.79,7
2.79,7
2.79,7
2.79,7
2.79,7
2.79,7
2.8,7
2.8,7
2.8,7
2.8,7
2.8,7
2.8,7
2.8,7
2.8,7
2.8,7
2.8,7
2.8,7
2.8,7
2.8,7
2.8,7
2.8,7
2.8,7
2.8,7
2.8,7
2.81,7
2.81,7
2.81,7
2.81,7
2.81,7
2.81,7
2.81,7
2.81,7
2.81,7
2.81,7
2.81,7
2.81,7
2.81,7
2.81,7
2.81,7
2.81,7
2.81,7
2.81,7
2.81,7
2.82,7
2.82,7
2.82,7
2.82,7
2.82,7
2.82,7
2.82,7
2.82,7
2.82,7
2.82,7
2.82,7
2.82,7
2.82,7
2.82,7
2.82,7
2.82,7
2.82,7
2.82,7
2.82,7
2.82,7
2.83,7
2.83,7
2.83,7
2.83,7
2.83,7
2.83,7
2.83,7
2.83,7
2.83,7
2.83,7
2.83,7
2.83,7
2.83,7
2.83,7
2.83,7
2.83,7
2.83,7
2.84,7
2.84,7
2.84,7
2.84,7
2.84,7
2.84,7
2.84,7
2.84,7
2.84,7
2.84,7
2.84,7
2.84,7
2.84,7
2.84,7
2.84,7
2.84,7
2.84,7
2.85,7
2.85,7
2.85,7
2.85,7
2.85,7
2.85,7
2.85,7
2.85,7
2.85,7
2.85,7
2.85,7
2.85,7
2.85,7
2.85,7
2.85,7
2.85,7
2.85,7
2.86,7
2.86,7
2.86,7
2.86,7
2.86,7
2.86,7
2.86,7
2.86,7
2.86,7
2.86,7
2.86,7
2.86,7
2.86,7
2.86,7
2.86,7
2.86,7
2.86,7
2.87,7
2.87,7
2.87,7
2.87,7
2.87,7
2.87,7
2.87,7
2.87,7
2.87,7
2.87,7
2.87,7
2.87,7
2.87,7
2.87,7
2.87,7
2.87,7
2.87,7
2.87,7
2.88,7
2.88,7
2.88,7
2.88,7
2.88,7
2.88,7
2.88,7
2.88,7
2.88,7
2.88,7
2.88,7
2.88,7
2.88,7
2.88,7
2.88,7
2.88,7
2.88,7
2.88,7
2.88,7
2.89,7
2.89,7
2.89,7
2.89,7
2.89,7
2.89,7
2.89,7
2.89,7
2.89,7
2.89,7
2.89,7
2.89,7
2.89,7
2.89,7
2.89,7
2.89,7
2.89,7
2.89,7
2.9,7
2.9,7
2.9,7
2.9,7
2.9,7
2.9,7
2.9,7
2.9,7
2.9,7
2.9,7
2.9,7
2.9,7
2.9,7
2.9,7
2.9,7
2.9,7
2.9,7
2.9,7
2.91,7
2.91,7
2.91,7
2.91,7
2.91,7
2.91,7
2.91,7
2.91,7
2.91,7
2.91,7
2.91,7
2.91,7
2.91,7
2.91,7
2.91,7
2.91,7
2.91,7
2.91,7
2.91,7
2.91,7
2.92,7
2.92,7
2.92,7
2.92,7
2.92,7
2.92,7
2.92,7
2.92,7
2.92,7
2.92,7
2.92,7
2.92,7
2.92,7
2.92,7
2.92,7
2.92,7
2.92,7
2.92,7
2.92,7
2.92,7
2.93,7
2.93,7
2.93,7
2.93,7
2.93,7
2.93,7
2.93,7
2.93,7
2.93,7
2.93,7
2.93,7
2.93,7
2.93,7
2.93,7
2.93,7
2.93,7
2.93,7
2.93,7
2.93,7
2.93,7
2.94,7
2.94,7
2.94,7
2.94,7
2.94,7
2.94,7
2.94,7
2.94,7
2.94,7
2.94,7
2.94,7
2.94,7
2.94,7
2.94,7
2.94,7
2.94,7
2.94,7
2.94,7
2.94,7
2.94,7
2.95,7
2.95,7
2.95,7
2.95,7
2.95,7
2.95,7
2.95,7
2.95,7
2.95,7
2.95,7
2.95,7
2.95,7
2.95,7
2.95,7
2.95,7
2.95,7
2.95,7
2.95,7
2.95,7
2.95,7
2.96,7
2.96,7
2.96,7
2.96,7
2.96,7
2.96,7
2.96,7
2.96,7
2.96,7
2.96,7
2.96,7
2.96,7
2.96,7
2.96,7
2.96,7
2.96,7
2.96,7
2.96,7
2.96,7
2.96,7
2.97,7
2.97,7
2.97,7
2.97,7
2.97,7
2.97,7
2.97,7
2.97,7
2.97,7
2.97,7
2.97,7
2.97,7
2.97,7
2.97,7
2.97,7
2.97,7
2.97,7
2.97,7
2.97,7
2.98,7
2.98,7
2.98,7
2.98,7
2.98,7
2.98,7
2.98,7
2.98,7
2.98,7
2.98,7
2.98,7
2.98,7
2.98,7
2.98,7
2.98,7
2.98,7
2.98,7
2.98,7
2.98,7
2.98,7
2.98,7
2.99,7
2.99,7
2.99,7
2.99,7
2.99,7
2.99,7
2.99,7
2.99,7
2.99,7
2.99,7
2.99,7
2.99,7
2.99,7
2.99,7
2.99,7
2.99,7
2.99,7
2.99,7
2.99,7
2.99,7
3,7
3,7
3,7
3,7
3,7
3,7
3,7
3,7
3,7
3,7
3,7
3,7
3,7
3,7
3,7
3,7
3,7
3,7
3,7
3.01,7
3.01,7
3.01,7
3.01,7
3.01,7
3.01,7
3.01,7
3.01,7
3.01,7
3.01,7
3.01,7
3.01,7
3.01,7
3.01,7
3.01,7
3.01,7
3.01,7
3.01,7
3.01,7
3.01,7
3.02,7
3.02,7
3.02,7
3.02,7
3.02,7
3.02,7
3.02,7
3.02,7
3.02,7
3.02,7
3.02,7
3.02,7
3.02,7
3.02,7
3.02,7
3.02,7
3.02,7
3.02,7
3.02,7
3.02,7
3.03,7
3.03,7
3.03,7
3.03,7
3.03,7
3.03,7
3.03,7
3.03,7
3.03,7
3.03,7
3.03,7
3.03,7
3.03,7
3.03,7
3.03,7
3.03,7
3.03,7
3.03,7
3.03,7
3.03,7
3.04,7
3.04,7
3.04,7
3.04,7
3.04,7
3.04,7
3.04,7
3.04,7
3.04,7
3.04,7
3.04,7
3.04,7
3.04,7
3.04,7
3.04,7
3.04,7
3.04,7
3.04,7
3.04,7
3.05,7
3.05,7
3.05,7
3.05,7
3.05,7
3.05,7
3.05,7
3.05,7
3.05,7
3.05,7
3.05,7
3.05,7
3.05,7
3.05,7
3.05,7
3.05,7
3.05,7
3.05,7
3.05,7
3.05,7
3.06,7
3.06,7
3.06,7
3.06,7
3.06,7
3.06,7
3.06,7
3.06,7
3.06,7
3.06,7
3.06,7
3.06,7
3.06,7
3.06,7
3.06,7
3.06,7
3.06,7
3.06,7
3.06,7
3.06,7
3.07,7
3.07,7
3.07,7
3.07,7
3.07,7
3.07,7
3.07,7
3.07,7
3.07,7
3.07,7
3.07,7
3.07,7
3.07,7
3.07,7
3.07,7
3.07,7
3.07,7
3.07,7
3.07,7
3.07,7
3.08,7
3.08,7
3.08,7
3.08,7
3.08,7
3.08,7
3.08,7
3.08,7
3.08,7
3.08,7
3.08,7
3.08,7
3.08,7
3.08,7
3.08,7
3.08,7
3.08,7
3.08,7
3.08,7
3.08,7
3.08,7
3.09,7
3.09,7
3.09,7
3.09,7
3.09,7
3.09,7
3.09,7
3.09,7
3.09,7
3.09,7
3.09,7
3.09,7
3.09,7
3.09,7
3.09,7
3.09,7
3.09,7
3.09,7
3.09,7
3.09,7
3.09,7
3.1,7
3.1,7
3.1,7
3.1,7
3.1,7
3.1,7
3.1,7
3.1,7
3.1,7
3.1,7
3.1,7
3.1,7
3.1,7
3.1,7
3.1,7
3.1,7
3.1,7
3.1,7
3.1,7
3.11,7
3.11,7
3.11,7
3.11,7
3.11,7
3.11,7
3.11,7
3.11,7
3.11,7
3.11,7
3.11,7
3.11,7
3.11,7
3.11,7
3.11,7
3.11,7
3.11,7
3.11,7
3.11,7
3.11,7
3.11,7
3.12,7
3.12,7
3.12,7
3.12,7
3.12,7
3.12,7
3.12,7
3.12,7
3.12,7
3.12,7
3.12,7
3.12,7
3.12,7
3.12,7
3.12,7
3.12,7
3.12,7
3.12,7
3.12,7
3.12,7
3.13,7
3.13,7
3.13,7
3.13,7
3.13,7
3.13,7
3.13,7
3.13,7
3.13,7
3.13,7
3.13,7
3.13,7
3.13,7
3.13,7
3.13,7
3.13,7
3.13,7
3.13,7
3.13,7
3.13,7
3.14,7
3.14,7
3.14,7
3.14,7
3.14,7
3.14,7
3.14,7
3.14,7
3.14,7
3.14,7
3.14,7
3.14,7
3.14,7
3.14,7
3.14,7
3.14,7
3.14,7
3.14,7
3.14,7
3.14,7
3.15,7
3.15,7
3.15,7
3.15,7
3.15,7
3.15,7
3.15,7
3.15,7
3.15,7
3.15,7
3.15,7
3.15,7
3.15,7
3.15,7
3.15,7
3.15,7
3.15,7
3.15,7
3.15,7
3.15,7
3.16,7
3.16,7
3.16,7
3.16,7
3.16,7
3.16,7
3.16,7
3.16,7
3.16,7
3.16,7
3.16,7
3.16,7
3.16,7
3.16,7
3.16,7
3.16,7
3.16,7
3.16,7
3.16,7
3.16,7
3.17,7
3.17,7
3.17,7
3.17,7
3.17,7
3.17,7
3.17,7
3.17,7
3.17,7
3.17,7
3.17,7
3.17,7
3.17,7
3.17,7
3.17,7
3.17,7
3.17,7
3.17,7
3.17,7
3.18,7
3.18,7
3.18,7
3.18,7
3.18,7
3.18,7
3.18,7
3.18,7
3.18,7
3.18,7
3.18,7
3.18,7
3.18,7
3.18,7
3.18,7
3.18,7
3.18,7
3.18,7
3.18,7
3.19,7
3.19,7
3.19,7
3.19,7
3.19,7
3.19,7
3.19,7
3.19,7
3.19,7
3.19,7
3.19,7
3.19,7
3.19,7
3.19,7
3.19,7
3.19,7
3.19,7
3.2,7
3.2,7
3.2,7
3.2,7
3.2,7
3.2,7
3.2,7
3.2,7
3.2,7
3.2,7
3.2,7
3.2,7
3.2,7
3.2,7
3.2,7
3.2,7
3.2,7
3.21,7
3.21,7
3.21,7
3.21,7
3.21,7
3.21,7
3.21,7
3.21,7
3.21,7
3.21,7
3.21,7
3.21,7
3.21,7
3.21,7
3.21,7
3.21,7
3.21,7
3.21,7
3.21,7
3.21,7
3.22,7
3.22,7
3.22,7
3.22,7
3.22,7
3.22,7
3.22,7
3.22,7
3.22,7
3.22,7
3.22,7
3.22,7
3.22,7
3.22,7
3.22,7
3.22,7
3.22,7
3.23,7
3.23,7
3.23,7
3.23,7
3.23,7
3.23,7
3.23,7
3.23,7
3.23,7
3.23,7
3.23,7
3.23,7
3.23,7
3.23,7
3.23,7
3.23,7
3.23,7
3.23,7
3.23,7
3.24,7
3.24,7
3.24,7
3.24,7
3.24,7
3.24,7
3.24,7
3.24,7
3.24,7
3.24,7
3.24,7
3.24,7
3.24,7
3.24,7
3.24,7
3.24,7
3.24,7
3.24,7
3.25,7
3.25,7
3.25,7
3.25,7
3.25,7
3.25,7
3.25,7
3.25,7
3.25,7
3.25,7
3.25,7
3.25,7
3.25,7
3.25,7
3.25,7
3.25,7
3.25,7
3.25,7
3.26,7
3.26,7
3.26,7
3.26,7
3.26,7
3.26,7
3.26,7
3.26,7
3.26,7
3.26,7
3.26,7
3.26,7
3.26,7
3.26,7
3.26,7
3.26,7
3.27,7
3.27,7
3.27,7
3.27,7
3.27,7
3.27,7
3.27,7
3.27,7
3.27,7
3.27,7
3.27,7
3.27,7
3.27,7
3.27,7
3.27,7
3.27,7
3.27,7
3.28,7
3.28,7
3.28,7
3.28,7
3.28,7
3.28,7
3.28,7
3.28,7
3.28,7
3.28,7
3.28,7
3.28,7
3.28,7
3.28,7
3.28,7
3.28,7
3.28,7
3.28,7
3.29,7
3.29,7
3.29,7
3.29,7
3.29,7
3.29,7
3.29,7
3.29,7
3.29,7
3.29,7
3.29,7
3.29,7
3.29,7
3.29,7
3.29,7
3.29,7
3.29,7
3.29,7
3.3,7
3.3,7
3.3,7
3.3,7
3.3,7
3.3,7
3.3,7
3.3,7
3.3,7
3.3,7
3.3,7
3.3,7
3.3,7
3.3,7
3.3,7
3.3,7
3.3,7
3.3,7
3.3,7
3.31,7
3.31,7
3.31,7
3.31,7
3.31,7
3.31,7
3.31,7
3.31,7
3.31,7
3.31,7
3.31,7
3.31,7
3.31,7
3.31,7
3.31,7
3.31,7
3.31,7
3.32,7
3.32,7
3.32,7
3.32,7
3.32,7
3.32,7
3.32,7
3.32,7
3.32,7
3.32,7
3.32,7
3.32,7
3.32,7
3.32,7
3.32,7
3.32,7
3.32,7
3.32,7
3.32,7
3.33,7
3.33,7
3.33,7
3.33,7
3.33,7
3.33,7
3.33,7
3.33,7
3.33,7
3.33,7
3.33,7
3.33,7
3.33,7
3.33,7
3.33,7
3.33,7
3.33,7
3.34,7
3.34,7
3.34,7
3.34,7
3.34,7
3.34,7
3.34,7
3.34,7
3.34,7
3.34,7
3.34,7
3.34,7
3.34,7
3.34,7
3.34,7
3.34,7
3.34,7
3.34,7
3.35,7
3.35,7
3.35,7
3.35,7
3.35,7
3.35,7
3.35,7
3.35,7
3.35,7
3.35,7
3.35,7
3.35,7
3.35,7
3.35,7
3.35,7
3.35,7
3.35,7
3.35,7
3.36,7
3.36,7
3.36,7
3.36,7
3.36,7
3.36,7
3.36,7
3.36,7
3.36,7
3.36,7
3.36,7
3.36,7
3.36,7
3.36,7
3.36,7
3.36,7
3.36,7
3.36,7
3.36,7
3.37,7
3.37,7
3.37,7
3.37,7
3.37,7
3.37,7
3.37,7
3.37,7
3.37,7
3.37,7
3.37,7
3.37,7
3.37,7
3.37,7
3.37,7
3.37,7
3.37,7
3.38,7
3.38,7
3.38,7
3.38,7
3.38,7
3.38,7
3.38,7
3.38,7
3.38,7
3.38,7
3.38,7
3.38,7
3.38,7
3.38,7
3.38,7
3.38,7
3.38,7
3.39,7
3.39,7
3.39,7
3.39,7
3.39,7
3.39,7
3.39,7
3.39,7
3.39,7
3.39,7
3.39,7
3.39,7
3.39,7
3.39,7
3.39,7
3.39,7
3.39,7
3.39,7
3.4,7
3.4,7
3.4,7
3.4,7
3.4,7
3.4,7
3.4,7
3.4,7
3.4,7
3.4,7
3.4,7
3.4,7
3.4,7
3.4,7
3.4,7
3.4,7
3.4,7
3.4,7
3.41,7
3.41,7
3.41,7
3.41,7
3.41,7
3.41,7
3.41,7
3.41,7
3.41,7
3.41,7
3.41,7
3.41,7
3.41,7
3.41,7
3.41,7
3.41,7
3.41,7
3.41,7
3.41,7
3.41,7
3.42,7
3.42,7
3.42,7
3.42,7
3.42,7
3.42,7
3.42,7
3.42,7
3.42,7
3.42,7
3.42,7
3.42,7
3.42,7
3.42,7
3.42,7
3.42,7
3.42,7
3.42,7
3.43,7
3.43,7
3.43,7
3.43,7
3.43,7
3.43,7
3.43,7
3.43,7
3.43,7
3.43,7
3.43,7
3.43,7
3.43,7
3.43,7
3.43,7
3.43,7
3.43,7
3.43,7
3.43,7
3.44,7
3.44,7
3.44,7
3.44,7
3.44,7
3.44,7
3.44,7
3.44,7
3.44,7
3.44,7
3.44,7
3.44,7
3.44,7
3.44,7
3.44,7
3.44,7
3.44,7
3.44,7
3.44,7
3.45,7
3.45,7
3.45,7
3.45,7
3.45,7
3.45,7
3.45,7
3.45,7
3.45,7
3.45,7
3.45,7
3.45,7
3.45,7
3.45,7
3.45,7
3.46,7
3.46,7
3.46,7
3.46,7
3.46,7
3.46,7
3.46,7
3.46,7
3.46,7
3.46,7
3.46,7
3.46,7
3.46,7
3.46,7
3.46,7
3.46,7
3.46,7
3.46,7
3.47,7
3.47,7
3.47,7
3.47,7
3.47,7
3.47,7
3.47,7
3.47,7
3.47,7
3.47,7
3.47,7
3.47,7
3.47,7
3.47,7
3.47,7
3.47,7
3.47,7
3.47,7
3.48,7
3.48,7
3.48,7
3.48,7
3.48,7
3.48,7
3.48,7
3.48,7
3.48,7
3.48,7
3.48,7
3.48,7
3.48,7
3.48,7
3.48,7
3.48,7
3.48,7
3.48,7
3.48,7
3.49,7
3.49,7
3.49,7
3.49,7
3.49,7
3.49,7
3.49,7
3.49,7
3.49,7
3.49,7
3.49,7
3.49,7
3.49,7
3.49,7
3.49,7
3.49,7
3.49,7
3.5,7
3.5,7
3.5,7
3.5,7
3.5,7
3.5,7
3.5,7
3.5,7
3.5,7
3.5,7
3.5,7
3.5,7
3.5,7
3.5,7
3.5,7
3.5,7
3.5,7
3.5,7
3.5,7
3.5,7
3.51,7
3.51,7
3.51,7
3.51,7
3.51,7
3.51,7
3.51,7
3.51,7
3.51,7
3.51,7
3.51,7
3.51,7
3.51,7
3.51,7
3.51,7
3.51,7
3.51,7
3.51,7
3.51,7
3.51,7
3.52,7
3.52,7
3.52,7
3.52,7
3.52,7
3.52,7
3.52,7
3.52,7
3.52,7
3.52,7
3.52,7
3.52,7
3.52,7
3.52,7
3.52,7
3.52,7
3.52,7
3.53,7
3.53,7
3.53,7
3.53,7
3.53,7
3.53,7
3.53,7
3.53,7
3.53,7
3.53,7
3.53,7
3.53,7
3.53,7
3.53,7
3.53,7
3.53,7
3.53,7
3.54,7
3.54,7
3.54,7
3.54,7
3.54,7
3.54,7
3.54,7
3.54,7
3.54,7
3.54,7
3.54,7
3.54,7
3.54,7
3.54,7
3.54,7
3.54,7
3.54,7
3.54,7
3.55,7
3.55,7
3.55,7
3.55,7
3.55,7
3.55,7
3.55,7
3.55,7
3.55,7
3.55,7
3.55,7
3.55,7
3.55,7
3.55,7
3.55,7
3.55,7
3.55,7
3.56,7
3.56,7
3.56,7
3.56,7
3.56,7
3.56,7
3.56,7
3.56,7
3.56,7
3.56,7
3.56,7
3.56,7
3.56,7
3.56,7
3.56,7
3.56,7
3.56,7
3.56,7
3.56,7
3.57,7
3.57,7
3.57,7
3.57,7
3.57,7
3.57,7
3.57,7
3.57,7
3.57,7
3.57,7
3.57,7
3.57,7
3.57,7
3.57,7
3.57,7
3.57,7
3.57,7
3.57,7
3.58,7
3.58,7
3.58,7
3.58,7
3.58,7
3.58,7
3.58,7
3.58,7
3.58,7
3.58,7
3.58,7
3.58,7
3.58,7
3.58,7
3.58,7
3.58,7
3.58,7
3.59,7
3.59,7
3.59,7
3.59,7
3.59,7
3.59,7
3.59,7
3.59,7
3.59,7
3.59,7
3.59,7
3.59,7
3.59,7
3.59,7
3.59,7
3.59,7
3.59,7
3.59,7
3.6,7
3.6,7
3.6,7
3.6,7
3.6,7
3.6,7
3.6,7
3.6,7
3.6,7
3.6,7
3.6,7
3.6,7
3.6,7
3.6,7
3.6,7
3.6,7
3.6,7
3.61,7
3.61,7
3.61,7
3.61,7
3.61,7
3.61,7
3.61,7
3.61,7
3.61,7
3.61,7
3.61,7
3.61,7
3.61,7
3.61,7
3.61,7
3.61,7
3.61,7
3.61,7
3.62,7
3.62,7
3.62,7
3.62,7
3.62,7
3.62,7
3.62,7
3.62,7
3.62,7
3.62,7
3.62,7
3.62,7
3.62,7
3.62,7
3.62,7
3.62,7
3.63,7
3.63,7
3.63,7
3.63,7
3.63,7
3.63,7
3.63,7
3.63,7
3.63,7
3.63,7
3.63,7
3.63,7
3.63,7
3.63,7
3.63,7
3.63,7
3.63,7
3.64,7
3.64,7
3.64,7
3.64,7
3.64,7
3.64,7
3.64,7
3.64,7
3.64,7
3.64,7
3.64,7
3.64,7
3.64,7
3.64,7
3.64,7
3.64,7
3.64,7
3.64,7
3.64,7
3.65,7
3.65,7
3.65,7
3.65,7
3.65,7
3.65,7
3.65,7
3.65,7
3.65,7
3.65,7
3.65,7
3.65,7
3.65,7
3.65,7
3.65,7
3.65,7
3.65,7
3.66,7
3.66,7
3.66,7
3.66,7
3.66,7
3.66,7
3.66,7
3.66,7
3.66,7
3.66,7
3.66,7
3.66,7
3.66,7
3.66,7
3.66,7
3.66,7
3.66,7
3.67,7
3.67,7
3.67,7
3.67,7
3.67,7
3.67,7
3.67,7
3.67,7
3.67,7
3.67,7
3.67,7
3.67,7
3.67,7
3.67,7
3.67,7
3.67,7
3.67,7
3.68,7
3.68,7
3.68,7
3.68,7
3.68,7
3.68,7
3.68,7
3.68,7
3.68,7
3.68,7
3.68,7
3.68,7
3.68,7
3.68,7
3.68,7
3.68,7
3.68,7
3.69,7
3.69,7
3.69,7
3.69,7
3.69,7
3.69,7
3.69,7
3.69,7
3.69,7
3.69,7
3.69,7
3.69,7
3.69,7
3.69,7
3.69,7
3.69,7
3.69,7
3.69,7
3.7,7
3.7,7
3.7,7
3.7,7
3.7,7
3.7,7
3.7,7
3.7,7
3.7,7
3.7,7
3.7,7
3.7,7
3.7,7
3.7,7
3.7,7
3.7,7
3.7,7
3.71,7
3.71,7
3.71,7
3.71,7
3.71,7
3.71,7
3.71,7
3.71,7
3.71,7
3.71,7
3.71,7
3.71,7
3.71,7
3.71,7
3.71,7
3.71,7
3.71,7
3.71,7
3.72,7
3.72,7
3.72,7
3.72,7
3.72,7
3.72,7
3.72,7
3.72,7
3.72,7
3.72,7
3.72,7
3.72,7
3.72,7
3.72,7
3.72,7
3.72,7
3.72,7
3.72,7
3.72,7
3.73,7
3.73,7
3.73,7
3.73,7
3.73,7
3.73,7
3.73,7
3.73,7
3.73,7
3.73,7
3.73,7
3.73,7
3.73,7
3.73,7
3.73,7
3.73,7
3.73,7
3.74,7
3.74,7
3.74,7
3.74,7
3.74,7
3.74,7
3.74,7
3.74,7
3.74,7
3.74,7
3.74,7
3.74,7
3.74,7
3.74,7
3.74,7
3.74,7
3.74,7
3.74,7
3.75,7
3.75,7
3.75,7
3.75,7
3.75,7
3.75,7
3.75,7
3.75,7
3.75,7
3.75,7
3.75,7
3.75,7
3.75,7
3.75,7
3.75,7
3.75,7
3.75,7
3.76,7
3.76,7
3.76,7
3.76,7
3.76,7
3.76,7
3.76,7
3.76,7
3.76,7
3.76,7
3.76,7
3.76,7
3.76,7
3.76,7
3.76,7
3.76,7
3.76,7
3.77,7
3.77,7
3.77,7
3.77,7
3.77,7
3.77,7
3.77,7
3.77,7
3.77,7
3.77,7
3.77,7
3.77,7
3.77,7
3.77,7
3.77,7
3.77,7
3.77,7
3.78,7
3.78,7
3.78,7
3.78,7
3.78,7
3.78,7
3.78,7
3.78,7
3.78,7
3.78,7
3.78,7
3.78,7
3.78,7
3.78,7
3.78,7
3.78,7
3.78,7
3.79,7
3.79,7
3.79,7
3.79,7
3.79,7
3.79,7
3.79,7
3.79,7
3.79,7
3.79,7
3.79,7
3.79,7
3.79,7
3.79,7
3.79,7
3.79,7
3.79,7
3.79,7
3.8,7
3.8,7
3.8,7
3.8,7
3.8,7
3.8,7
3.8,7
3.8,7
3.8,7
3.8,7
3.8,7
3.8,7
3.8,7
3.8,7
3.8,7
3.8,7
3.8,7
3.8,7
3.8,7
3.81,7
3.81,7
3.81,7
3.81,7
3.81,7
3.81,7
3.81,7
3.81,7
3.81,7
3.81,7
3.81,7
3.81,7
3.81,7
3.81,7
3.81,7
3.81,7
3.81,7
3.81,7
3.81,7
3.81,7
3.82,7
3.82,7
3.82,7
3.82,7
3.82,7
3.82,7
3.82,7
3.82,7
3.82,7
3.82,7
3.82,7
3.82,7
3.82,7
3.82,7
3.82,7
3.82,7
3.82,7
3.82,7
3.82,7
3.82,7
3.83,7
3.83,7
3.83,7
3.83,7
3.83,7
3.83,7
3.83,7
3.83,7
3.83,7
3.83,7
3.83,7
3.83,7
3.83,7
3.83,7
3.83,7
3.83,7
3.83,7
3.83,7
3.83,7
3.83,7
3.84,7
3.84,7
3.84,7
3.84,7
3.84,7
3.84,7
3.84,7
3.84,7
3.84,7
3.84,7
3.84,7
3.84,7
3.84,7
3.84,7
3.84,7
3.84,7
3.84,7
3.84,7
3.84,7
3.84,7
3.85,7
3.85,7
3.85,7
3.85,7
3.85,7
3.85,7
3.85,7
3.85,7
3.85,7
3.85,7
3.85,7
3.85,7
3.85,7
3.85,7
3.85,7
3.85,7
3.85,7
3.85,7
3.85,7
3.86,7
3.86,7
3.86,7
3.86,7
3.86,7
3.86,7
3.86,7
3.86,7
3.86,7
3.86,7
3.86,7
3.86,7
3.86,7
3.86,7
3.86,7
3.86,7
3.86,7
3.86,7
3.86,7
3.86,7
3.86,7
3.87,7
3.87,7
3.87,7
3.87,7
3.87,7
3.87,7
3.87,7
3.87,7
3.87,7
3.87,7
3.87,7
3.87,7
3.87,7
3.87,7
3.87,7
3.87,7
3.87,7
3.87,7
3.87,7
3.87,7
3.88,7
3.88,7
3.88,7
3.88,7
3.88,7
3.88,7
3.88,7
3.88,7
3.88,7
3.88,7
3.88,7
3.88,7
3.88,7
3.88,7
3.88,7
3.88,7
3.88,7
3.88,7
3.88,7
3.89,7
3.89,7
3.89,7
3.89,7
3.89,7
3.89,7
3.89,7
3.89,7
3.89,7
3.89,7
3.89,7
3.89,7
3.89,7
3.89,7
3.89,7
3.89,7
3.89,7
3.89,7
3.89,7
3.9,7
3.9,7
3.9,7
3.9,7
3.9,7
3.9,7
3.9,7
3.9,7
3.9,7
3.9,7
3.9,7
3.9,7
3.9,7
3.9,7
3.9,7
3.9,7
3.9,7
3.9,7
3.91,7
3.91,7
3.91,7
3.91,7
3.91,7
3.91,7
3.91,7
3.91,7
3.91,7
3.91,7
3.91,7
3.91,7
3.91,7
3.91,7
3.91,7
3.91,7
3.92,7
3.92,7
3.92,7
3.92,7
3.92,7
3.92,7
3.92,7
3.92,7
3.92,7
3.92,7
3.92,7
3.92,7
3.92,7
3.92,7
3.92,7
3.92,7
3.92,7
3.92,7
3.93,7
3.93,7
3.93,7
3.93,7
3.93,7
3.93,7
3.93,7
3.93,7
3.93,7
3.93,7
3.93,7
3.93,7
3.93,7
3.93,7
3.93,7
3.93,7
3.93,7
3.93,7
3.94,7
3.94,7
3.94,7
3.94,7
3.94,7
3.94,7
3.94,7
3.94,7
3.94,7
3.94,7
3.94,7
3.94,7
3.94,7
3.94,7
3.94,7
3.94,7
3.94,7
3.94,7
3.95,7
3.95,7
3.95,7
3.95,7
3.95,7
3.95,7
3.95,7
3.95,7
3.95,7
3.95,7
3.95,7
3.95,7
3.95,7
3.95,7
3.95,7
3.95,7
3.95,7
3.95,7
3.96,7
3.96,7
3.96,7
3.96,7
3.96,7
3.96,7
3.96,7
3.96,7
3.96,7
3.96,7
3.96,7
3.96,7
3.96,7
3.96,7
3.96,7
3.96,7
3.96,7
3.97,7
3.97,7
3.97,7
3.97,7
3.97,7
3.97,7
3.97,7
3.97,7
3.97,7
3.97,7
3.97,7
3.97,7
3.97,7
3.97,7
3.97,7
3.97,7
3.97,7
3.98,7
3.98,7
3.98,7
3.98,7
3.98,7
3.98,7
3.98,7
3.98,7
3.98,7
3.98,7
3.98,7
3.98,7
3.98,7
3.98,7
3.98,7
3.98,7
3.98,7
3.98,7
3.98,7
3.99,7
3.99,7
3.99,7
3.99,7
3.99,7
3.99,7
3.99,7
3.99,7
3.99,7
3.99,7
3.99,7
3.99,7
3.99,7
3.99,7
3.99,7
3.99,7
3.99,7
4,7
4,7
4,7
4,7
4,7
4,7
4,7
4,7
4,7
4,7
4,7
4,7
4,7
4,7
4,7
4,7
4,7
4.01,7
4.01,7
4.01,7
4.01,7
4.01,7
4.01,7
4.01,7
4.01,7
4.01,7
4.01,7
4.01,7
4.01,7
4.01,7
4.01,7
4.01,7
4.01,7
4.01,7
4.01,7
4.01,7
4.02,7
4.02,7
4.02,7
4.02,7
4.02,7
4.02,7
4.02,7
4.02,7
4.02,7
4.02,7
4.02,7
4.02,7
4.02,7
4.02,7
4.02,7
4.02,7
4.02,7
4.02,7
4.03,7
4.03,7
4.03,7
4.03,7
4.03,7
4.03,7
4.03,7
4.03,7
4.03,7
4.03,7
4.03,7
4.03,7
4.03,7
4.03,7
4.03,7
4.03,7
4.03,7
4.03,7
4.04,7
4.04,7
4.04,7
4.04,7
4.04,7
4.04,7
4.04,7
4.04,7
4.04,7
4.04,7
4.04,7
4.04,7
4.04,7
4.04,7
4.04,7
4.04,7
4.04,7
4.05,7
4.05,7
4.05,7
4.05,7
4.05,7
4.05,7
4.05,7
4.05,7
4.05,7
4.05,7
4.05,7
4.05,7
4.05,7
4.05,7
4.05,7
4.05,7
4.05,7
4.06,7
4.06,7
4.06,7
4.06,7
4.06,7
4.06,7
4.06,7
4.06,7
4.06,7
4.06,7
4.06,7
4.06,7
4.06,7
4.06,7
4.06,7
4.06,7
4.06,7
4.06,7
4.07,7
4.07,7
4.07,7
4.07,7
4.07,7
4.07,7
4.07,7
4.07,7
4.07,7
4.07,7
4.07,7
4.07,7
4.07,7
4.07,7
4.07,7
4.07,7
4.08,7
4.08,7
4.08,7
4.08,7
4.08,7
4.08,7
4.08,7
4.08,7
4.08,7
4.08,7
4.08,7
4.08,7
4.08,7
4.08,7
4.08,7
4.08,7
4.08,7
4.08,7
4.09,7
4.09,7
4.09,7
4.09,7
4.09,7
4.09,7
4.09,7
4.09,7
4.09,7
4.09,7
4.09,7
4.09,7
4.09,7
4.09,7
4.09,7
4.09,7
4.09,7
4.1,7
4.1,7
4.1,7
4.1,7
4.1,7
4.1,7
4.1,7
4.1,7
4.1,7
4.1,7
4.1,7
4.1,7
4.1,7
4.1,7
4.1,7
4.1,7
4.1,7
4.1,7
4.11,7
4.11,7
4.11,7
4.11,7
4.11,7
4.11,7
4.11,7
4.11,7
4.11,7
4.11,7
4.11,7
4.11,7
4.11,7
4.11,7
4.11,7
4.11,7
4.11,7
4.11,7
4.12,7
4.12,7
4.12,7
4.12,7
4.12,7
4.12,7
4.12,7
4.12,7
4.12,7
4.12,7
4.12,7
4.12,7
4.12,7
4.12,7
4.12,7
4.12,7
4.12,7
4.13,7
4.13,7
4.13,7
4.13,7
4.13,7
4.13,7
4.13,7
4.13,7
4.13,7
4.13,7
4.13,7
4.13,7
4.13,7
4.13,7
4.13,7
4.13,7
4.13,7
4.13,7
4.14,7
4.14,7
4.14,7
4.14,7
4.14,7
4.14,7
4.14,7
4.14,7
4.14,7
4.14,7
4.14,7
4.14,7
4.14,7
4.14,7
4.14,7
4.14,7
4.14,7
4.15,7
4.15,7
4.15,7
4.15,7
4.15,7
4.15,7
4.15,7
4.15,7
4.15,7
4.15,7
4.15,7
4.15,7
4.15,7
4.15,7
4.15,7
4.15,7
4.15,7
4.15,7
4.16,7
4.16,7
4.16,7
4.16,7
4.16,7
4.16,7
4.16,7
4.16,7
4.16,7
4.16,7
4.16,7
4.16,7
4.16,7
4.16,7
4.16,7
4.16,7
4.16,7
4.17,7
4.17,7
4.17,7
4.17,7
4.17,7
4.17,7
4.17,7
4.17,7
4.17,7
4.17,7
4.17,7
4.17,7
4.17,7
4.17,7
4.17,7
4.17,7
4.17,7
4.17,7
4.17,7
4.18,7
4.18,7
4.18,7
4.18,7
4.18,7
4.18,7
4.18,7
4.18,7
4.18,7
4.18,7
4.18,7
4.18,7
4.18,7
4.18,7
4.18,7
4.18,7
4.18,7
4.18,7
4.18,7
4.19,7
4.19,7
4.19,7
4.19,7
4.19,7
4.19,7
4.19,7
4.19,7
4.19,7
4.19,7
4.19,7
4.19,7
4.19,7
4.19,7
4.19,7
4.19,7
4.19,7
4.19,7
4.19,7
4.2,7
4.2,7
4.2,7
4.2,7
4.2,7
4.2,7
4.2,7
4.2,7
4.2,7
4.2,7
4.2,7
4.2,7
4.2,7
4.2,7
4.2,7
4.2,7
4.2,7
4.2,7
4.2,7
4.2,7
4.2,7
4.2,7
4.21,7
4.21,7
4.21,7
4.21,7
4.21,7
4.21,7
4.21,7
4.21,7
4.21,7
4.21,7
4.21,7
4.21,7
4.21,7
4.21,7
4.21,7
4.21,7
4.21,7
4.21,7
4.21,7
4.22,7
4.22,7
4.22,7
4.22,7
4.22,7
4.22,7
4.22,7
4.22,7
4.22,7
4.22,7
4.22,7
4.22,7
4.22,7
4.22,7
4.22,7
4.22,7
4.22,7
4.22,7
4.22,7
4.23,7
4.23,7
4.23,7
4.23,7
4.23,7
4.23,7
4.23,7
4.23,7
4.23,7
4.23,7
4.23,7
4.23,7
4.23,7
4.23,7
4.23,7
4.23,7
4.23,7
4.23,7
4.23,7
4.23,7
4.24,7
4.24,7
4.24,7
4.24,7
4.24,7
4.24,7
4.24,7
4.24,7
4.24,7
4.24,7
4.24,7
4.24,7
4.24,7
4.24,7
4.24,7
4.24,7
4.24,7
4.24,7
4.24,7
4.24,7
4.25,7
4.25,7
4.25,7
4.25,7
4.25,7
4.25,7
4.25,7
4.25,7
4.25,7
4.25,7
4.25,7
4.25,7
4.25,7
4.25,7
4.25,7
4.25,7
4.25,7
4.25,7
4.25,7
4.26,7
4.26,7
4.26,7
4.26,7
4.26,7
4.26,7
4.26,7
4.26,7
4.26,7
4.26,7
4.26,7
4.26,7
4.26,7
4.26,7
4.26,7
4.26,7
4.26,7
4.26,7
4.26,7
4.27,7
4.27,7
4.27,7
4.27,7
4.27,7
4.27,7
4.27,7
4.27,7
4.27,7
4.27,7
4.27,7
4.27,7
4.27,7
4.27,7
4.27,7
4.27,7
4.27,7
4.27,7
4.27,7
4.28,7
4.28,7
4.28,7
4.28,7
4.28,7
4.28,7
4.28,7
4.28,7
4.28,7
4.28,7
4.28,7
4.28,7
4.28,7
4.28,7
4.28,7
4.28,7
4.28,7
4.29,7
4.29,7
4.29,7
4.29,7
4.29,7
4.29,7
4.29,7
4.29,7
4.29,7
4.29,7
4.29,7
4.29,7
4.29,7
4.29,7
4.29,7
4.29,7
4.29,7
4.29,7
4.3,7
4.3,7
4.3,7
4.3,7
4.3,7
4.3,7
4.3,7
4.3,7
4.3,7
4.3,7
4.3,7
4.3,7
4.3,7
4.3,7
4.3,7
4.3,7
4.3,7
4.31,7
4.31,7
4.31,7
4.31,7
4.31,7
4.31,7
4.31,7
4.31,7
4.31,7
4.31,7
4.31,7
4.31,7
4.31,7
4.31,7
4.31,7
4.31,7
4.32,7
4.32,7
4.32,7
4.32,7
4.32,7
4.32,7
4.32,7
4.32,7
4.32,7
4.32,7
4.32,7
4.32,7
4.32,7
4.32,7
4.32,7
4.32,7
4.32,7
4.32,7
4.33,7
4.33,7
4.33,7
4.33,7
4.33,7
4.33,7
4.33,7
4.33,7
4.33,7
4.33,7
4.33,7
4.33,7
4.33,7
4.33,7
4.33,7
4.33,7
4.34,7
4.34,7
4.34,7
4.34,7
4.34,7
4.34,7
4.34,7
4.34,7
4.34,7
4.34,7
4.34,7
4.34,7
4.34,7
4.34,7
4.34,7
4.34,7
4.34,7
4.34,7
4.35,7
4.35,7
4.35,7
4.35,7
4.35,7
4.35,7
4.35,7
4.35,7
4.35,7
4.35,7
4.35,7
4.35,7
4.35,7
4.35,7
4.35,7
4.35,7
4.35,7
4.35,7
4.36,7
4.36,7
4.36,7
4.36,7
4.36,7
4.36,7
4.36,7
4.36,7
4.36,7
4.36,7
4.36,7
4.36,7
4.36,7
4.36,7
4.36,7
4.36,7
4.37,7
4.37,7
4.37,7
4.37,7
4.37,7
4.37,7
4.37,7
4.37,7
4.37,7
4.37,7
4.37,7
4.37,7
4.37,7
4.37,7
4.37,7
4.37,7
4.37,7
4.37,7
4.38,7
4.38,7
4.38,7
4.38,7
4.38,7
4.38,7
4.38,7
4.38,7
4.38,7
4.38,7
4.38,7
4.38,7
4.38,7
4.38,7
4.38,7
4.38,7
4.38,7
4.38,7
4.39,7
4.39,7
4.39,7
4.39,7
4.39,7
4.39,7
4.39,7
4.39,7
4.39,7
4.39,7
4.39,7
4.39,7
4.39,7
4.39,7
4.39,7
4.39,7
4.39,7
4.39,7
4.4,7
4.4,7
4.4,7
4.4,7
4.4,7
4.4,7
4.4,7
4.4,7
4.4,7
4.4,7
4.4,7
4.4,7
4.4,7
4.4,7
4.4,7
4.4,7
4.4,7
4.41,7
4.41,7
4.41,7
4.41,7
4.41,7
4.41,7
4.41,7
4.41,7
4.41,7
4.41,7
4.41,7
4.41,7
4.41,7
4.41,7
4.41,7
4.41,7
4.41,7
4.41,7
4.42,7
4.42,7
4.42,7
4.42,7
4.42,7
4.42,7
4.42,7
4.42,7
4.42,7
4.42,7
4.42,7
4.42,7
4.42,7
4.42,7
4.42,7
4.42,7
4.42,7
4.42,7
4.43,7
4.43,7
4.43,7
4.43,7
4.43,7
4.43,7
4.43,7
4.43,7
4.43,7
4.43,7
4.43,7
4.43,7
4.43,7
4.43,7
4.43,7
4.43,7
4.43,7
4.44,7
4.44,7
4.44,7
4.44,7
4.44,7
4.44,7
4.44,7
4.44,7
4.44,7
4.44,7
4.44,7
4.44,7
4.44,7
4.44,7
4.44,7
4.44,7
4.44,7
4.44,7
4.45,7
4.45,7
4.45,7
4.45,7
4.45,7
4.45,7
4.45,7
4.45,7
4.45,7
4.45,7
4.45,7
4.45,7
4.45,7
4.45,7
4.45,7
4.45,7
4.45,7
4.45,7
4.46,7
4.46,7
4.46,7
4.46,7
4.46,7
4.46,7
4.46,7
4.46,7
4.46,7
4.46,7
4.46,7
4.46,7
4.46,7
4.46,7
4.46,7
4.46,7
4.47,7
4.47,7
4.47,7
4.47,7
4.47,7
4.47,7
4.47,7
4.47,7
4.47,7
4.47,7
4.47,7
4.47,7
4.47,7
4.47,7
4.47,7
4.47,7
4.47,7
4.48,7
4.48,7
4.48,7
4.48,7
4.48,7
4.48,7
4.48,7
4.48,7
4.48,7
4.48,7
4.48,7
4.48,7
4.48,7
4.48,7
4.48,7
4.48,7
4.48,7
4.48,7
4.49,7
4.49,7
4.49,7
4.49,7
4.49,7
4.49,7
4.49,7
4.49,7
4.49,7
4.49,7
4.49,7
4.49,7
4.49,7
4.49,7
4.49,7
4.49,7
4.49,7
4.49,7
4.49,7
4.5,7
4.5,7
4.5,7
4.5,7
4.5,7
4.5,7
4.5,7
4.5,7
4.5,7
4.5,7
4.5,7
4.5,7
4.5,7
4.5,7
4.5,7
4.5,7
4.5,7
4.5,7
4.51,7
4.51,7
4.51,7
4.51,7
4.51,7
4.51,7
4.51,7
4.51,7
4.51,7
4.51,7
4.51,7
4.51,7
4.51,7
4.51,7
4.51,7
4.51,7
4.52,7
4.52,7
4.52,7
4.52,7
4.52,7
4.52,7
4.52,7
4.52,7
4.52,7
4.52,7
4.52,7
4.52,7
4.52,7
4.52,7
4.52,7
4.52,7
4.52,7
4.53,7
4.53,7
4.53,7
4.53,7
4.53,7
4.53,7
4.53,7
4.53,7
4.53,7
4.53,7
4.53,7
4.53,7
4.53,7
4.53,7
4.53,7
4.53,7
4.53,7
4.54,7
4.54,7
4.54,7
4.54,7
4.54,7
4.54,7
4.54,7
4.54,7
4.54,7
4.54,7
4.54,7
4.54,7
4.54,7
4.54,7
4.54,7
4.54,7
4.54,7
4.55,7
4.55,7
4.55,7
4.55,7
4.55,7
4.55,7
4.55,7
4.55,7
4.55,7
4.55,7
4.55,7
4.55,7
4.55,7
4.55,7
4.55,7
4.55,7
4.55,7
4.56,7
4.56,7
4.56,7
4.56,7
4.56,7
4.56,7
4.56,7
4.56,7
4.56,7
4.56,7
4.56,7
4.56,7
4.56,7
4.56,7
4.56,7
4.56,7
4.56,7
4.56,7
4.57,7
4.57,7
4.57,7
4.57,7
4.57,7
4.57,7
4.57,7
4.57,7
4.57,7
4.57,7
4.57,7
4.57,7
4.57,7
4.57,7
4.57,7
4.57,7
4.57,7
4.58,7
4.58,7
4.58,7
4.58,7
4.58,7
4.58,7
4.58,7
4.58,7
4.58,7
4.58,7
4.58,7
4.58,7
4.58,7
4.58,7
4.58,7
4.58,7
4.58,7
4.58,7
4.59,7
4.59,7
4.59,7
4.59,7
4.59,7
4.59,7
4.59,7
4.59,7
4.59,7
4.59,7
4.59,7
4.59,7
4.59,7
4.59,7
4.59,7
4.59,7
4.59,7
4.6,7
4.6,7
4.6,7
4.6,7
4.6,7
4.6,7
4.6,7
4.6,7
4.6,7
4.6,7
4.6,7
4.6,7
4.6,7
4.6,7
4.6,7
4.6,7
4.6,7
4.6,7
4.61,7
4.61,7
4.61,7
4.61,7
4.61,7
4.61,7
4.61,7
4.61,7
4.61,7
4.61,7
4.61,7
4.61,7
4.61,7
4.61,7
4.61,7
4.61,7
4.61,7
4.61,7
4.62,7
4.62,7
4.62,7
4.62,7
4.62,7
4.62,7
4.62,7
4.62,7
4.62,7
4.62,7
4.62,7
4.62,7
4.62,7
4.62,7
4.62,7
4.62,7
4.62,7
4.62,7
4.63,7
4.63,7
4.63,7
4.63,7
4.63,7
4.63,7
4.63,7
4.63,7
4.63,7
4.63,7
4.63,7
4.63,7
4.63,7
4.63,7
4.63,7
4.63,7
4.63,7
4.64,7
4.64,7
4.64,7
4.64,7
4.64,7
4.64,7
4.64,7
4.64,7
4.64,7
4.64,7
4.64,7
4.64,7
4.64,7
4.64,7
4.64,7
4.64,7
4.64,7
4.64,7
4.65,7
4.65,7
4.65,7
4.65,7
4.65,7
4.65,7
4.65,7
4.65,7
4.65,7
4.65,7
4.65,7
4.65,7
4.65,7
4.65,7
4.65,7
4.65,7
4.65,7
4.66,7
4.66,7
4.66,7
4.66,7
4.66,7
4.66,7
4.66,7
4.66,7
4.66,7
4.66,7
4.66,7
4.66,7
4.66,7
4.66,7
4.66,7
4.66,7
4.66,7
4.66,7
4.66,7
4.67,7
4.67,7
4.67,7
4.67,7
4.67,7
4.67,7
4.67,7
4.67,7
4.67,7
4.67,7
4.67,7
4.67,7
4.67,7
4.67,7
4.67,7
4.67,7
4.67,7
4.68,7
4.68,7
4.68,7
4.68,7
4.68,7
4.68,7
4.68,7
4.68,7
4.68,7
4.68,7
4.68,7
4.68,7
4.68,7
4.68,7
4.68,7
4.68,7
4.68,7
4.68,7
4.68,7
4.69,7
4.69,7
4.69,7
4.69,7
4.69,7
4.69,7
4.69,7
4.69,7
4.69,7
4.69,7
4.69,7
4.69,7
4.69,7
4.69,7
4.69,7
4.69,7
4.69,7
4.7,7
4.7,7
4.7,7
4.7,7
4.7,7
4.7,7
4.7,7
4.7,7
4.7,7
4.7,7
4.7,7
4.7,7
4.7,7
4.7,7
4.7,7
4.7,7
4.7,7
4.7,7
4.71,7
4.71,7
4.71,7
4.71,7
4.71,7
4.71,7
4.71,7
4.71,7
4.71,7
4.71,7
4.71,7
4.71,7
4.71,7
4.71,7
4.71,7
4.71,7
4.72,7
4.72,7
4.72,7
4.72,7
4.72,7
4.72,7
4.72,7
4.72,7
4.72,7
4.72,7
4.72,7
4.72,7
4.72,7
4.72,7
4.72,7
4.72,7
4.72,7
4.73,7
4.73,7
4.73,7
4.73,7
4.73,7
4.73,7
4.73,7
4.73,7
4.73,7
4.73,7
4.73,7
4.73,7
4.73,7
4.73,7
4.73,7
4.74,7
4.74,7
4.74,7
4.74,7
4.74,7
4.74,7
4.74,7
4.74,7
4.74,7
4.74,7
4.74,7
4.74,7
4.74,7
4.74,7
4.74,7
4.74,7
4.74,7
4.75,7
4.75,7
4.75,7
4.75,7
4.75,7
4.75,7
4.75,7
4.75,7
4.75,7
4.75,7
4.75,7
4.75,7
4.75,7
4.75,7
4.75,7
4.75,7
4.75,7
4.76,7
4.76,7
4.76,7
4.76,7
4.76,7
4.76,7
4.76,7
4.76,7
4.76,7
4.76,7
4.76,7
4.76,7
4.76,7
4.76,7
4.76,7
4.77,7
4.77,7
4.77,7
4.77,7
4.77,7
4.77,7
4.77,7
4.77,7
4.77,7
4.77,7
4.77,7
4.77,7
4.77,7
4.77,7
4.77,7
4.77,7
4.77,7
4.77,7
4.78,7
4.78,7
4.78,7
4.78,7
4.78,7
4.78,7
4.78,7
4.78,7
4.78,7
4.78,7
4.78,7
4.78,7
4.78,7
4.78,7
4.78,7
4.78,7
4.79,7
4.79,7
4.79,7
4.79,7
4.79,7
4.79,7
4.79,7
4.79,7
4.79,7
4.79,7
4.79,7
4.79,7
4.79,7
4.79,7
4.79,7
4.79,7
4.79,7
4.79,7
4.8,7
4.8,7
4.8,7
4.8,7
4.8,7
4.8,7
4.8,7
4.8,7
4.8,7
4.8,7
4.8,7
4.8,7
4.8,7
4.8,7
4.8,7
4.8,7
4.8,7
4.8,7
4.81,7
4.81,7
4.81,7
4.81,7
4.81,7
4.81,7
4.81,7
4.81,7
4.81,7
4.81,7
4.81,7
4.81,7
4.81,7
4.81,7
4.81,7
4.81,7
4.81,7
4.81,7
4.82,7
4.82,7
4.82,7
4.82,7
4.82,7
4.82,7
4.82,7
4.82,7
4.82,7
4.82,7
4.82,7
4.82,7
4.82,7
4.82,7
4.82,7
4.82,7
4.82,7
4.82,7
4.82,7
4.83,7
4.83,7
4.83,7
4.83,7
4.83,7
4.83,7
4.83,7
4.83,7
4.83,7
4.83,7
4.83,7
4.83,7
4.83,7
4.83,7
4.83,7
4.83,7
4.84,7
4.84,7
4.84,7
4.84,7
4.84,7
4.84,7
4.84,7
4.84,7
4.84,7
4.84,7
4.84,7
4.84,7
4.84,7
4.84,7
4.84,7
4.84,7
4.84,7
4.84,7
4.85,7
4.85,7
4.85,7
4.85,7
4.85,7
4.85,7
4.85,7
4.85,7
4.85,7
4.85,7
4.85,7
4.85,7
4.85,7
4.85,7
4.85,7
4.85,7
4.86,7
4.86,7
4.86,7
4.86,7
4.86,7
4.86,7
4.86,7
4.86,7
4.86,7
4.86,7
4.86,7
4.86,7
4.86,7
4.86,7
4.86,7
4.86,7
4.86,7
4.86,7
4.86,7
4.87,7
4.87,7
4.87,7
4.87,7
4.87,7
4.87,7
4.87,7
4.87,7
4.87,7
4.87,7
4.87,7
4.87,7
4.87,7
4.87,7
4.87,7
4.87,7
4.87,7
4.87,7
4.88,7
4.88,7
4.88,7
4.88,7
4.88,7
4.88,7
4.88,7
4.88,7
4.88,7
4.88,7
4.88,7
4.88,7
4.88,7
4.88,7
4.88,7
4.88,7
4.88,7
4.89,7
4.89,7
4.89,7
4.89,7
4.89,7
4.89,7
4.89,7
4.89,7
4.89,7
4.89,7
4.89,7
4.89,7
4.89,7
4.89,7
4.89,7
4.89,7
4.9,7
4.9,7
4.9,7
4.9,7
4.9,7
4.9,7
4.9,7
4.9,7
4.9,7
4.9,7
4.9,7
4.9,7
4.9,7
4.9,7
4.9,7
4.9,7
4.91,7
4.91,7
4.91,7
4.91,7
4.91,7
4.91,7
4.91,7
4.91,7
4.91,7
4.91,7
4.91,7
4.91,7
4.91,7
4.91,7
4.91,7
4.91,7
4.91,7
4.92,7
4.92,7
4.92,7
4.92,7
4.92,7
4.92,7
4.92,7
4.92,7
4.92,7
4.92,7
4.92,7
4.92,7
4.92,7
4.92,7
4.92,7
4.92,7
4.92,7
4.93,7
4.93,7
4.93,7
4.93,7
4.93,7
4.93,7
4.93,7
4.93,7
4.93,7
4.93,7
4.93,7
4.93,7
4.93,7
4.93,7
4.93,7
4.93,7
4.93,7
4.94,7
4.94,7
4.94,7
4.94,7
4.94,7
4.94,7
4.94,7
4.94,7
4.94,7
4.94,7
4.94,7
4.94,7
4.94,7
4.94,7
4.94,7
4.94,7
4.94,7
4.95,7
4.95,7
4.95,7
4.95,7
4.95,7
4.95,7
4.95,7
4.95,7
4.95,7
4.95,7
4.95,7
4.95,7
4.95,7
4.95,7
4.95,7
4.96,7
4.96,7
4.96,7
4.96,7
4.96,7
4.96,7
4.96,7
4.96,7
4.96,7
4.96,7
4.96,7
4.96,7
4.96,7
4.96,7
4.96,7
4.96,7
4.96,7
4.96,7
4.97,7
4.97,7
4.97,7
4.97,7
4.97,7
4.97,7
4.97,7
4.97,7
4.97,7
4.97,7
4.97,7
4.97,7
4.97,7
4.97,7
4.97,7
4.97,7
4.97,7
4.97,7
4.97,7
4.97,7
4.98,7
4.98,7
4.98,7
4.98,7
4.98,7
4.98,7
4.98,7
4.98,7
4.98,7
4.98,7
4.98,7
4.98,7
4.98,7
4.98,7
4.98,7
4.98,7
4.98,7
4.98,7
4.99,7
4.99,7
4.99,7
4.99,7
4.99,7
4.99,7
4.99,7
4.99,7
4.99,7
4.99,7
4.99,7
4.99,7
4.99,7
4.99,7
4.99,7
4.99,7
5,7
5,7
5,7
5,7
5,7
5,7
5,7
5,7
5,7
5,7
5,7
5,7
5,7
5,7
5,7
5,7
5,7
5.01,7
5.01,7
5.01,7
5.01,7
5.01,7
5.01,7
5.01,7
5.01,7
5.01,7
5.01,7
5.01,7
5.01,7
5.01,7
5.01,7
5.01,7
5.01,7
5.01,7
5.01,7
5.01,7
5.02,7
5.02,7
5.02,7
5.02,7
5.02,7
5.02,7
5.02,7
5.02,7
5.02,7
5.02,7
5.02,7
5.02,7
5.02,7
5.02,7
5.02,7
5.02,7
5.03,7
5.03,7
5.03,7
5.03,7
5.03,7
5.03,7
5.03,7
5.03,7
5.03,7
5.03,7
5.03,7
5.03,7
5.03,7
5.03,7
5.03,7
5.03,7
5.04,7
5.04,7
5.04,7
5.04,7
5.04,7
5.04,7
5.04,7
5.04,7
5.04,7
5.04,7
5.04,7
5.04,7
5.04,7
5.04,7
5.04,7
5.04,7
5.04,7
5.04,7
5.05,7
5.05,7
5.05,7
5.05,7
5.05,7
5.05,7
5.05,7
5.05,7
5.05,7
5.05,7
5.05,7
5.05,7
5.05,7
5.05,7
5.05,7
5.05,7
5.05,7
5.05,7
5.06,7
5.06,7
5.06,7
5.06,7
5.06,7
5.06,7
5.06,7
5.06,7
5.06,7
5.06,7
5.06,7
5.06,7
5.06,7
5.06,7
5.06,7
5.06,7
5.06,7
5.06,7
5.06,7
5.07,7
5.07,7
5.07,7
5.07,7
5.07,7
5.07,7
5.07,7
5.07,7
5.07,7
5.07,7
5.07,7
5.07,7
5.07,7
5.07,7
5.07,7
5.07,7
5.08,7
5.08,7
5.08,7
5.08,7
5.08,7
5.08,7
5.08,7
5.08,7
5.08,7
5.08,7
5.08,7
5.08,7
5.08,7
5.08,7
5.08,7
5.09,7
5.09,7
5.09,7
5.09,7
5.09,7
5.09,7
5.09,7
5.09,7
5.09,7
5.09,7
5.09,7
5.09,7
5.09,7
5.09,7
5.09,7
5.09,7
5.09,7
5.09,7
5.1,7
5.1,7
5.1,7
5.1,7
5.1,7
5.1,7
5.1,7
5.1,7
5.1,7
5.1,7
5.1,7
5.1,7
5.1,7
5.1,7
5.1,7
5.1,7
5.1,7
5.1,7
5.11,7
5.11,7
5.11,7
5.11,7
5.11,7
5.11,7
5.11,7
5.11,7
5.11,7
5.11,7
5.11,7
5.11,7
5.11,7
5.11,7
5.11,7
5.11,7
5.11,7
5.11,7
5.12,7
5.12,7
5.12,7
5.12,7
5.12,7
5.12,7
5.12,7
5.12,7
5.12,7
5.12,7
5.12,7
5.12,7
5.12,7
5.12,7
5.12,7
5.12,7
5.12,7
5.12,7
5.13,7
5.13,7
5.13,7
5.13,7
5.13,7
5.13,7
5.13,7
5.13,7
5.13,7
5.13,7
5.13,7
5.13,7
5.13,7
5.13,7
5.13,7
5.13,7
5.13,7
5.14,7
5.14,7
5.14,7
5.14,7
5.14,7
5.14,7
5.14,7
5.14,7
5.14,7
5.14,7
5.14,7
5.14,7
5.14,7
5.14,7
5.14,7
5.14,7
5.14,7
5.14,7
5.15,7
5.15,7
5.15,7
5.15,7
5.15,7
5.15,7
5.15,7
5.15,7
5.15,7
5.15,7
5.15,7
5.15,7
5.15,7
5.15,7
5.15,7
5.15,7
5.15,7
5.16,7
5.16,7
5.16,7
5.16,7
5.16,7
5.16,7
5.16,7
5.16,7
5.16,7
5.16,7
5.16,7
5.16,7
5.16,7
5.16,7
5.16,7
5.16,7
5.16,7
5.17,7
5.17,7
5.17,7
5.17,7
5.17,7
5.17,7
5.17,7
5.17,7
5.17,7
5.17,7
5.17,7
5.17,7
5.17,7
5.17,7
5.17,7
5.17,7
5.17,7
5.17,7
5.18,7
5.18,7
5.18,7
5.18,7
5.18,7
5.18,7
5.18,7
5.18,7
5.18,7
5.18,7
5.18,7
5.18,7
5.18,7
5.18,7
5.18,7
5.18,7
5.18,7
5.18,7
5.19,7
5.19,7
5.19,7
5.19,7
5.19,7
5.19,7
5.19,7
5.19,7
5.19,7
5.19,7
5.19,7
5.19,7
5.19,7
5.19,7
5.19,7
5.19,7
5.19,7
5.19,7
5.2,7
5.2,7
5.2,7
5.2,7
5.2,7
5.2,7
5.2,7
5.2,7
5.2,7
5.2,7
5.2,7
5.2,7
5.2,7
5.2,7
5.2,7
5.2,7
5.21,7
5.21,7
5.21,7
5.21,7
5.21,7
5.21,7
5.21,7
5.21,7
5.21,7
5.21,7
5.21,7
5.21,7
5.21,7
5.21,7
5.21,7
5.21,7
5.21,7
5.21,7
5.21,7
5.22,7
5.22,7
5.22,7
5.22,7
5.22,7
5.22,7
5.22,7
5.22,7
5.22,7
5.22,7
5.22,7
5.22,7
5.22,7
5.22,7
5.23,7
5.23,7
5.23,7
5.23,7
5.23,7
5.23,7
5.23,7
5.23,7
5.23,7
5.23,7
5.23,7
5.23,7
5.23,7
5.23,7
5.23,7
5.23,7
5.23,7
5.24,7
5.24,7
5.24,7
5.24,7
5.24,7
5.24,7
5.24,7
5.24,7
5.24,7
5.24,7
5.24,7
5.24,7
5.24,7
5.24,7
5.24,7
5.24,7
5.24,7
5.24,7
5.25,7
5.25,7
5.25,7
5.25,7
5.25,7
5.25,7
5.25,7
5.25,7
5.25,7
5.25,7
5.25,7
5.25,7
5.25,7
5.25,7
5.25,7
5.25,7
5.26,7
5.26,7
5.26,7
5.26,7
5.26,7
5.26,7
5.26,7
5.26,7
5.26,7
5.26,7
5.26,7
5.26,7
5.26,7
5.26,7
5.26,7
5.26,7
5.26,7
5.26,7
5.27,7
5.27,7
5.27,7
5.27,7
5.27,7
5.27,7
5.27,7
5.27,7
5.27,7
5.27,7
5.27,7
5.27,7
5.27,7
5.27,7
5.27,7
5.27,7
5.27,7
5.27,7
5.28,7
5.28,7
5.28,7
5.28,7
5.28,7
5.28,7
5.28,7
5.28,7
5.28,7
5.28,7
5.28,7
5.28,7
5.28,7
5.28,7
5.28,7
5.28,7
5.28,7
5.29,7
5.29,7
5.29,7
5.29,7
5.29,7
5.29,7
5.29,7
5.29,7
5.29,7
5.29,7
5.29,7
5.29,7
5.29,7
5.29,7
5.29,7
5.29,7
5.29,7
5.3,7
5.3,7
5.3,7
5.3,7
5.3,7
5.3,7
5.3,7
5.3,7
5.3,7
5.3,7
5.3,7
5.3,7
5.3,7
5.3,7
5.3,7
5.3,7
5.3,7
5.31,7
5.31,7
5.31,7
5.31,7
5.31,7
5.31,7
5.31,7
5.31,7
5.31,7
5.31,7
5.31,7
5.31,7
5.31,7
5.31,7
5.31,7
5.31,7
5.31,7
5.31,7
5.31,7
5.32,7
5.32,7
5.32,7
5.32,7
5.32,7
5.32,7
5.32,7
5.32,7
5.32,7
5.32,7
5.32,7
5.32,7
5.32,7
5.32,7
5.32,7
5.33,7
5.33,7
5.33,7
5.33,7
5.33,7
5.33,7
5.33,7
5.33,7
5.33,7
5.33,7
5.33,7
5.33,7
5.33,7
5.33,7
5.33,7
5.33,7
5.33,7
5.33,7
5.34,7
5.34,7
5.34,7
5.34,7
5.34,7
5.34,7
5.34,7
5.34,7
5.34,7
5.34,7
5.34,7
5.34,7
5.34,7
5.34,7
5.34,7
5.34,7
5.34,7
5.34,7
5.35,7
5.35,7
5.35,7
5.35,7
5.35,7
5.35,7
5.35,7
5.35,7
5.35,7
5.35,7
5.35,7
5.35,7
5.35,7
5.35,7
5.35,7
5.35,7
5.35,7
5.36,7
5.36,7
5.36,7
5.36,7
5.36,7
5.36,7
5.36,7
5.36,7
5.36,7
5.36,7
5.36,7
5.36,7
5.36,7
5.36,7
5.36,7
5.36,7
5.36,7
5.36,7
5.37,7
5.37,7
5.37,7
5.37,7
5.37,7
5.37,7
5.37,7
5.37,7
5.37,7
5.37,7
5.37,7
5.37,7
5.37,7
5.37,7
5.37,7
5.37,7
5.37,7
5.37,7
5.38,7
5.38,7
5.38,7
5.38,7
5.38,7
5.38,7
5.38,7
5.38,7
5.38,7
5.38,7
5.38,7
5.38,7
5.38,7
5.38,7
5.38,7
5.38,7
5.39,7
5.39,7
5.39,7
5.39,7
5.39,7
5.39,7
5.39,7
5.39,7
5.39,7
5.39,7
5.39,7
5.39,7
5.39,7
5.39,7
5.39,7
5.39,7
5.39,7
5.39,7
5.4,7
5.4,7
5.4,7
5.4,7
5.4,7
5.4,7
5.4,7
5.4,7
5.4,7
5.4,7
5.4,7
5.4,7
5.4,7
5.4,7
5.4,7
5.4,7
5.4,7
5.41,7
5.41,7
5.41,7
5.41,7
5.41,7
5.41,7
5.41,7
5.41,7
5.41,7
5.41,7
5.41,7
5.41,7
5.41,7
5.41,7
5.41,7
5.41,7
5.41,7
5.41,7
5.41,7
5.42,7
5.42,7
5.42,7
5.42,7
5.42,7
5.42,7
5.42,7
5.42,7
5.42,7
5.42,7
5.42,7
5.42,7
5.42,7
5.42,7
5.42,7
5.42,7
5.42,7
5.43,7
5.43,7
5.43,7
5.43,7
5.43,7
5.43,7
5.43,7
5.43,7
5.43,7
5.43,7
5.43,7
5.43,7
5.43,7
5.43,7
5.43,7
5.43,7
5.43,7
5.43,7
5.43,7
5.44,7
5.44,7
5.44,7
5.44,7
5.44,7
5.44,7
5.44,7
5.44,7
5.44,7
5.44,7
5.44,7
5.44,7
5.44,7
5.44,7
5.45,7
5.45,7
5.45,7
5.45,7
5.45,7
5.45,7
5.45,7
5.45,7
5.45,7
5.45,7
5.45,7
5.45,7
5.45,7
5.45,7
5.45,7
5.45,7
5.45,7
5.46,7
5.46,7
5.46,7
5.46,7
5.46,7
5.46,7
5.46,7
5.46,7
5.46,7
5.46,7
5.46,7
5.46,7
5.46,7
5.46,7
5.46,7
5.46,7
5.46,7
5.46,7
5.47,7
5.47,7
5.47,7
5.47,7
5.47,7
5.47,7
5.47,7
5.47,7
5.47,7
5.47,7
5.47,7
5.47,7
5.47,7
5.47,7
5.47,7
5.47,7
5.48,7
5.48,7
5.48,7
5.48,7
5.48,7
5.48,7
5.48,7
5.48,7
5.48,7
5.48,7
5.48,7
5.48,7
5.48,7
5.48,7
5.48,7
5.48,7
5.48,7
5.49,7
5.49,7
5.49,7
5.49,7
5.49,7
5.49,7
5.49,7
5.49,7
5.49,7
5.49,7
5.49,7
5.49,7
5.49,7
5.49,7
5.49,7
5.49,7
5.49,7
5.49,7
5.5,7
5.5,7
5.5,7
5.5,7
5.5,7
5.5,7
5.5,7
5.5,7
5.5,7
5.5,7
